year,recipient,status,total_2019USD
2016,Libya,commitment,43989994.5410217
2017,"",paid,1013546294.75718
2018,"",paid,1015498994.64317
2020,Niger,paid,283452413.90239
2021,"",paid,797228609.331478
2016,"",paid,2267288587.05478
2017,Central African Republic,paid,159303441.535558
2017,Iraq,paid,759939064.600492
2017,Yemen,paid,1755717639.86594
2018,Yemen,paid,4228047294.21972
2019,"",paid,1425140749.38433
2019,Madagascar,paid,19866599.8675129
2019,Yemen,paid,2864611103.81302
2020,"",paid,1244043207.07578
2020,Lebanon,paid,1033123803.86101
2021,Haiti,paid,74941721.6750631
2016,Bahamas,paid,260565.406085974
2016,"Congo, The Democratic Republic of the",paid,275834185.564877
2016,Haiti,paid,95968793.8952213
2017,Haiti,paid,41186404.1370539
2017,Peru,commitment,14617392.3153374
2018,Lebanon,paid,780294679.781465
2016,"",commitment,1400323105.99421
2016,Afghanistan,paid,356683474.796323
2016,Cameroon,paid,167957955.504013
2016,Chad,paid,256651736.168313
2016,"Congo, The Democratic Republic of the",commitment,213457668.383984
2016,Ethiopia,paid,1078742652.25081
2016,Ethiopia,commitment,281140318.219234
2016,Fiji,paid,27479507.0336548
2016,Fiji,commitment,17559414.1175956
2016,Haiti,commitment,149767601.016481
2016,Indonesia,commitment,18698870.0348656
2016,Iraq,paid,846204411.334501
2016,Iraq,commitment,1200296203.42818
2016,Jordan,paid,830480163.566842
2016,Marshall Islands,commitment,2961909.61268144
2016,Myanmar,commitment,170674394.460628
2016,Myanmar,paid,33727829.9420555
2016,Niger,paid,101778490.408401
2016,Nigeria,paid,178805280.149333
2016,Pakistan,paid,207569117.76379
2016,Papua New Guinea,paid,4444948.17645786
2016,Papua New Guinea,commitment,13198836.2721459
2016,Solomon Islands,commitment,1471523.45564488
2016,Somalia,paid,405887457.782249
2016,Somalia,commitment,304503347.242118
2016,South Sudan,commitment,450572298.54918
2016,South Sudan,paid,959338255.288661
2016,Sri Lanka,paid,6147933.86895565
2016,Syrian Arab Republic,commitment,1083244497.77789
2016,Syrian Arab Republic,paid,1591822785.57378
2016,Vanuatu,commitment,3353307.46788861
2017,"",commitment,849604940.975329
2017,Afghanistan,paid,249063301.240299
2017,Afghanistan,commitment,157724714.564841
2017,Antigua and Barbuda,commitment,4354788.09613326
2017,Bangladesh,paid,365610476.489873
2017,Bangladesh,commitment,183126380.915793
2017,Colombia,commitment,24435514.1432693
2017,Dominica,commitment,17479338.7081689
2017,Ethiopia,commitment,488627349.822533
2017,Fiji,paid,516919.222151417
2017,Indonesia,paid,718413.453848345
2017,"Iran, Islamic Republic of",commitment,24459161.2163886
2017,Iraq,commitment,849550894.20238
2017,Jamaica,paid,183202.978612223
2017,Jordan,paid,645324397.277219
2017,Multi-recipient,paid,817871296.549614
2017,Kenya,paid,181054053.613914
2017,Lebanon,paid,846763051.249039
2017,Myanmar,paid,80010172.9706374
2017,Myanmar,commitment,123173330.043518
2017,Nepal,commitment,14128896.0551501
2017,Nigeria,paid,588291656.536723
2017,Nigeria,commitment,353814759.792414
2017,Pakistan,paid,101612445.176389
2017,Pakistan,commitment,43028059.5818453
2017,Philippines,commitment,22690194.4277803
2017,Philippines,paid,8896677.30514148
2017,Sierra Leone,paid,9611981.4893044
2017,Somalia,commitment,620414580.420187
2017,Somalia,paid,834151458.104122
2017,South Sudan,commitment,511500309.130139
2017,South Sudan,paid,998780024.907368
2017,Sri Lanka,paid,8887225.68031323
2017,Syrian Arab Republic,paid,1704902831.51606
2017,Uganda,paid,257471675.733258
2017,Uganda,commitment,100084563.139977
2017,Vanuatu,commitment,640158.958488652
2017,Yemen,commitment,712146493.68941
2017,occupied Palestinian territory,paid,241920404.019219
2018,"",commitment,834665839.018115
2018,Afghanistan,paid,254910556.978185
2018,Bangladesh,paid,595873343.840508
2018,Bangladesh,commitment,186294846.650883
2018,Indonesia,commitment,32684498.1307009
2018,Indonesia,paid,27596448.7155821
2018,Iraq,paid,576436633.933194
2018,Jordan,paid,504058979.494619
2018,Jordan,commitment,176690428.05332
2018,Lao People's Democratic Republic,paid,4584456.75000334
2018,Myanmar,paid,81653798.0509022
2018,Myanmar,commitment,131865941.830249
2018,Nepal,paid,646994.645547617
2018,Pakistan,paid,51711974.4395808
2018,Papua New Guinea,paid,13389343.1989757
2018,Papua New Guinea,commitment,7279828.08204604
2018,Philippines,paid,9064491.42643665
2018,Philippines,commitment,34398043.1525767
2018,Samoa,paid,355834.101746746
2018,Somalia,commitment,718209227.689898
2018,Somalia,paid,523458166.46263
2018,South Sudan,paid,780373027.056412
2018,South Sudan,commitment,587243851.427482
2018,Syrian Arab Republic,paid,1470042254.39966
2018,Syrian Arab Republic,commitment,928088648.304659
2018,Thailand,paid,367520.729808752
2018,Tonga,paid,4694170.16035051
2018,Tonga,commitment,8568434.53141961
2018,Vanuatu,commitment,2368414.12583767
2018,occupied Palestinian territory,paid,202680995.552562
2019,"",commitment,891377336
2019,Afghanistan,paid,324910961
2019,Bangladesh,paid,603133622
2019,Ecuador,paid,26033070
2019,Indonesia,paid,17105022
2019,Iraq,paid,520974067
2019,Jordan,commitment,96613249
2019,Jordan,paid,571177422.763924
2019,Lao People's Democratic Republic,paid,4561833
2019,Lebanon,paid,907532965.575986
2019,Lebanon,commitment,308559860.5
2019,"Micronesia, Federated States of",paid,6471453
2019,Mozambique,paid,222136509.05532
2019,Myanmar,paid,146419627
2019,Nepal,paid,3682310
2019,Pakistan,paid,71190410
2019,Philippines,paid,6862170
2019,Somalia,paid,565957262
2019,Somalia,commitment,549568612
2019,South Sudan,paid,929655783.2
2019,Sri Lanka,paid,2342902
2019,Syrian Arab Republic,commitment,927320674
2019,Syrian Arab Republic,paid,1534588733.07076
2019,Vanuatu,paid,249168
2019,Zimbabwe,paid,221496620.4
2019,occupied Palestinian territory,paid,260747087.721846
2020,"",commitment,1306129366.70631
2020,Afghanistan,paid,417301719.204616
2020,Bangladesh,commitment,236367686.120118
2020,Bangladesh,paid,510338037.950148
2020,Cambodia,commitment,28476905.5815639
2020,Fiji,paid,28178278.5969127
2020,Global,paid,883594111.769426
2020,Global,commitment,1195788604.70207
2020,Indonesia,paid,28805755.8664007
2020,Indonesia,commitment,14102609.9421263
2020,Iraq,paid,481671207.833818
2020,Jordan,commitment,193322584.704209
2020,Jordan,paid,570789163.85174
2020,Lao People's Democratic Republic,commitment,16995440.3657303
2020,Lao People's Democratic Republic,paid,9525960.22885541
2020,Lebanon,commitment,672363185.148869
2020,Marshall Islands,commitment,1040922.32949401
2020,"Micronesia, Federated States of",commitment,20501765.513982
2020,Mongolia,paid,11169689.6545881
2020,Myanmar,paid,138287374.742223
2020,Myanmar,commitment,181185775.428791
2020,Pakistan,paid,63358165.2064007
2020,Papua New Guinea,paid,14109808.9547677
2020,Philippines,commitment,46780505.3835759
2020,Samoa,paid,9662511.95773424
2020,Somalia,paid,389553123.437379
2020,South Sudan,paid,961110264.802655
2020,South Sudan,commitment,492034779.700226
2020,Sri Lanka,commitment,12905025.2739706
2020,Syrian Arab Republic,commitment,1293826039.62327
2020,Syrian Arab Republic,paid,1347840833.67931
2020,Thailand,paid,16631394.0520207
2020,Thailand,commitment,23849335.5185014
2020,Timor-Leste,commitment,6800772.57158025
2020,Timor-Leste,paid,4897062.44503474
2020,Vanuatu,paid,9337158.33530607
2020,Viet Nam,commitment,4642011.81994932
2020,Viet Nam,paid,12957050.3520889
2020,occupied Palestinian territory,paid,252033710.805101
2021,"",commitment,1375704169.09915
2021,Afghanistan,paid,754376927.167677
2021,Bangladesh,paid,489935922.641979
2021,Bangladesh,commitment,158114976.426842
2021,Chad,paid,147371309.013307
2021,Ethiopia,paid,834107875.216239
2021,Fiji,paid,2267059.80959282
2021,Global,paid,265262118.2928
2021,Iraq,paid,318502096.566288
2021,Iraq,commitment,690698055.704619
2021,Jordan,paid,417873045.618564
2021,Kenya,paid,67846238.7786802
2021,Lao People's Democratic Republic,paid,2929828.73658372
2021,Lebanon,paid,511276312.49381
2021,Multi-recipient,paid,107625264.322499
2021,Myanmar,paid,161801938.387775
2021,New Zealand,paid,1848172.81918224
2021,Pakistan,paid,45275974.8465137
2021,Papua New Guinea,paid,1049612.7934358
2021,Somalia,paid,407550571.089133
2021,Syrian Arab Republic,paid,955502199.052442
2021,Thailand,paid,11443057.0928436
2021,Timor-Leste,paid,8843476.17409926
2021,Yemen,paid,2397119806.98721
2021,occupied Palestinian territory,paid,374531659.667218
2022,"",commitment,322529737.905411
2022,Myanmar,commitment,43329710.6768789
2016,Greece,paid,282439309.512391
2016,Lebanon,paid,1172764476.75088
2016,Mozambique,paid,15439588.8298544
2016,"North Macedonia, Republic of",commitment,6718456.9232861
2016,Ukraine,commitment,148928138.286925
2017,Chad,commitment,109361294.336424
2017,Ethiopia,paid,495184589.688387
2017,Jordan,commitment,99113483.7242252
2017,Kenya,commitment,169359966.098885
2017,Multi-recipient,commitment,105744822.318191
2017,Libya,commitment,41575941.4865427
2017,Libya,paid,111327166.660498
2017,Mozambique,paid,22911909.9636828
2017,Niger,commitment,88552620.818475
2017,Serbia,paid,15209561.8007321
2017,Syrian Arab Republic,commitment,793422060.819809
2017,Ukraine,commitment,107368847.858498
2018,Afghanistan,commitment,274198314.490381
2018,Burkina Faso,commitment,39094882.5734296
2018,Chad,commitment,156579336.216871
2018,"Congo, The Democratic Republic of the",commitment,412586385.593927
2018,Egypt,commitment,34267376.2113137
2018,Ethiopia,paid,301088322.343732
2018,Ethiopia,commitment,569458216.144746
2018,Iraq,commitment,1057691311.90948
2018,Libya,paid,71948302.3780786
2018,Uganda,paid,172919798.53401
2018,Uganda,commitment,141355274.923268
2018,Ukraine,commitment,110545788.585505
2018,Yemen,commitment,848225654.013812
2019,Afghanistan,commitment,260482540.909091
2019,Bangladesh,commitment,195794345
2019,Burkina Faso,paid,55094436
2019,Colombia,paid,172794839.6
2019,Multi-recipient,commitment,298631417
2019,Ethiopia,paid,484675498
2019,Libya,commitment,46290400
2019,Mali,commitment,176283859.8
2019,Mozambique,commitment,160410917
2019,Sri Lanka,commitment,3227767
2019,Uganda,commitment,126399373.416667
2019,Ukraine,commitment,127702902
2019,"Venezuela, Bolivarian Republic of",commitment,106162556
2020,Azerbaijan,commitment,3050091.68714667
2020,Burkina Faso,commitment,147502927.309046
2020,Colombia,paid,287143602.793771
2020,Greece,commitment,22208284.3602927
2020,"Iran, Islamic Republic of",commitment,49444298.475765
2020,Libya,paid,136384494.795383
2020,Libya,commitment,65464510.3323339
2020,Mozambique,paid,97558012.6343189
2020,Mozambique,commitment,52042769.7432742
2020,Pakistan,commitment,96422175.9638657
2020,"Tanzania, United Republic of",commitment,22716449.706151
2020,Tunisia,commitment,14886087.3737522
2020,Ukraine,commitment,157080356.106195
2020,Ukraine,paid,63129303.2886199
2020,Multi-recipient,commitment,155761876.969286
2020,Yemen,commitment,529896346.425857
2020,occupied Palestinian territory,commitment,144858131.273846
2021,Afghanistan,commitment,864240081.3982
2021,Burkina Faso,paid,170844881.464964
2021,Burkina Faso,commitment,150527233.426162
2021,Ethiopia,commitment,713326977.420974
2021,"Iran, Islamic Republic of",paid,8237617.76007695
2021,Jordan,commitment,123722420.734174
2021,Lebanon,commitment,485271597.904914
2021,Mali,paid,145073241.588488
2021,Mozambique,commitment,120213338.51046
2021,Mozambique,paid,129114715.881011
2021,South Sudan,paid,905633213.386377
2021,Syrian Arab Republic,commitment,1145236462.84402
2021,Uganda,commitment,144197213.682911
2021,Ukraine,commitment,110409082.096862
2021,Yemen,commitment,407524118.235147
2020,"Bolivia, Plurinational State of",commitment,5797706.92895543
2020,Brazil,commitment,25688743.1333803
2020,Burundi,commitment,30117970.6376367
2020,Chad,commitment,124596674.605848
2020,Colombia,commitment,200314193.010251
2020,Costa Rica,commitment,4145327.48320942
2020,Dominican Republic,commitment,8097126.19655822
2020,Ecuador,commitment,50698335.232082
2020,Haiti,commitment,74591122.1499586
2020,Mali,commitment,176039235.742509
2020,Niger,commitment,198445456.051725
2020,Paraguay,commitment,2476034.19074989
2020,Peru,commitment,52430945.1359724
2020,Sierra Leone,commitment,10618833.3108941
2020,Sudan,commitment,381199677.701404
2020,Togo,commitment,3620181.78475364
2020,Uganda,commitment,194216446.469091
2020,Uruguay,commitment,1600910.87790628
2020,"Venezuela, Bolivarian Republic of",commitment,147570267.222701
2020,Yemen,paid,1710017049.43259
2021,Nigeria,paid,364628829.478063
2016,Ecuador,paid,28782453.9294575
2016,Sri Lanka,commitment,8279201.59647372
2017,Ukraine,paid,52281223.8448955
2018,Latvia,paid,16138.7445744343
2018,Ukraine,paid,39390637.0625722
2018,"Venezuela, Bolivarian Republic of",paid,2722124.54057728
2018,Viet Nam,paid,1356745.22355401
2020,China,commitment,2692857.65962876
2016,Afghanistan,commitment,190674244.984803
2016,Burkina Faso,commitment,34696940.51448
2016,Burundi,commitment,35376496.8666684
2016,Burundi,paid,52311353.0906257
2016,Central African Republic,paid,151646853.818252
2016,Central African Republic,commitment,115662227.115474
2016,Jordan,commitment,159522809.769927
2016,Madagascar,commitment,50376044.8146546
2016,Mali,commitment,146704653.144327
2016,Niger,commitment,97307217.8769234
2016,Nigeria,commitment,308488768.576832
2016,Rwanda,commitment,30680189.2253732
2016,"Tanzania, United Republic of",commitment,70719664.5774829
2016,Uganda,paid,54410899.8346286
2016,Uganda,commitment,103187104.968342
2016,Yemen,paid,1270466233.74748
2016,occupied Palestinian territory,paid,490483225.407402
2016,occupied Palestinian territory,commitment,224938457.733983
2017,Angola,paid,5326254.64390521
2017,Burundi,paid,40954919.8395837
2017,Burundi,commitment,24319172.181527
2017,Cameroon,paid,101237425.632783
2017,Central African Republic,commitment,125751779.757467
2017,Chad,paid,201487438.060447
2017,"Congo, The Democratic Republic of the",paid,322407059.077726
2017,"Congo, The Democratic Republic of the",commitment,255220665.639407
2017,Cuba,commitment,8414093.22775743
2017,Lebanon,commitment,268069320.404438
2017,Mali,commitment,135412687.084134
2017,Mozambique,commitment,27856013.075624
2017,Niger,paid,201299265.393867
2017,Rwanda,commitment,4272933.91927732
2017,"Tanzania, United Republic of",commitment,14522168.7497257
2017,Togo,commitment,1423663.6716519
2017,occupied Palestinian territory,commitment,100205721.845462
2018,Burundi,commitment,46842765.5846445
2018,Cape Verde,paid,509695.991750895
2018,Central African Republic,paid,192112819.895404
2018,Central African Republic,commitment,129197654.607809
2018,"Congo, The Democratic Republic of the",paid,594238927.713884
2018,Kenya,paid,22684388.224145
2018,Lebanon,commitment,276872121.487842
2018,Libya,commitment,63557845.6428296
2018,Malawi,paid,3852541.62737692
2018,Mali,paid,109796077.24357
2018,Mali,commitment,143104599.180734
2018,Niger,commitment,119001771.432398
2018,Nigeria,paid,368711953.292411
2018,Nigeria,commitment,372238191.933491
2018,Rwanda,commitment,14306890.357424
2018,Senegal,paid,3181548.09884111
2018,Senegal,commitment,8510406.42093
2018,occupied Palestinian territory,commitment,117966990.925401
2019,Burkina Faso,commitment,73435823.7047599
2019,Burundi,paid,68286028.713212
2019,Cameroon,paid,115329404
2019,Central African Republic,paid,187512023.46002
2019,Central African Republic,commitment,171722731.9
2019,Chad,commitment,119168894.633333
2019,"Congo, The Democratic Republic of the",commitment,574772221.666667
2019,"Congo, The Democratic Republic of the",paid,568524173.980894
2019,Ethiopia,commitment,360933847
2019,Iraq,commitment,1052566067.2
2019,Madagascar,commitment,27170217.0272983
2019,Niger,commitment,116930351.1
2019,Nigeria,paid,375405055
2019,Nigeria,commitment,361886622.8
2019,Rwanda,commitment,8732647
2019,"Tanzania, United Republic of",commitment,30622900
2019,Yemen,commitment,1079707084.4
2019,occupied Palestinian territory,commitment,96813965
2020,Afghanistan,commitment,283329014.40898
2020,Burkina Faso,paid,161923402.754692
2020,Cape Verde,commitment,265572.902211643
2020,"Congo, The Democratic Republic of the",commitment,529721794.506506
2020,"Congo, The Democratic Republic of the",paid,555775474.180465
2020,Ethiopia,commitment,539415540.477011
2020,Haiti,paid,84640115.7901008
2020,Nigeria,paid,399371742.88678
2020,Rwanda,commitment,5663644.30024316
2020,Sierra Leone,paid,22972305.8945699
2020,Zimbabwe,commitment,58312108.6109727
2021,Burundi,commitment,22677982.1856685
2021,Colombia,paid,236547820.693125
2021,"Congo, The Democratic Republic of the",commitment,433005618.231665
2021,Haiti,commitment,114230798.942945
2021,Madagascar,commitment,68579529.0897062
2021,Mali,commitment,171816538.714187
2021,Niger,commitment,214381605.649103
2021,Nigeria,commitment,444359485.574873
2021,Rwanda,commitment,10676299.1600845
2021,"Venezuela, Bolivarian Republic of",paid,78751464.2961261
2021,occupied Palestinian territory,commitment,153354133.42257
2022,"Congo, The Democratic Republic of the",commitment,85093110.4706234
2022,Nigeria,commitment,95542075.3875767
2022,Senegal,commitment,7697987.2899524
2022,Syrian Arab Republic,commitment,195510280.657407
2022,Yemen,commitment,74081618.5858176
2022,occupied Palestinian territory,commitment,41321525.2446069
2020,Mexico,commitment,3672459.81586542
2018,Colombia,paid,25316079.9632233
2016,Georgia,commitment,1672579.72631666
2019,Albania,commitment,3104298
2019,"Korea, Democratic People's Republic of",commitment,7201020
2020,"Korea, Democratic People's Republic of",paid,21190617.3840561
2016,Angola,commitment,5013671.40555467
2016,Bangladesh,commitment,31554196.8851458
2016,Bangladesh,paid,7131632.19871539
2016,Benin,commitment,16260.5966498584
2016,Burkina Faso,paid,41979295.773378
2016,Cameroon,commitment,34896991.8231285
2016,Chad,commitment,66105257.546601
2016,Colombia,paid,8435718.15466199
2016,Colombia,commitment,50516713.2830752
2016,Cuba,commitment,5870723.93219377
2016,Côte d'Ivoire,paid,1873029.72708415
2016,Djibouti,paid,27040101.2987437
2016,Djibouti,commitment,4456588.76999488
2016,Ecuador,commitment,24100971.2256723
2016,Egypt,commitment,36012669.8066631
2016,Egypt,paid,61383490.181598
2016,Eritrea,paid,4473622.07743027
2016,Eritrea,commitment,4812002.37806221
2016,Eswatini,commitment,10851203.8613642
2016,Guatemala,paid,13615696.4882738
2016,Honduras,paid,6159617.44377702
2016,India,paid,1483195.56156974
2016,India,commitment,19488735.6639441
2016,Kenya,commitment,121526752.872396
2016,"Korea, Democratic People's Republic of",paid,24605548.5956787
2016,Lao People's Democratic Republic,commitment,2248508.82834517
2016,Lebanon,commitment,206574368.560399
2016,Lesotho,paid,5944382.51988179
2016,Lesotho,commitment,22230877.478926
2016,Libya,paid,68046656.9392754
2016,Malawi,commitment,155380404.369692
2016,Mali,paid,80586716.993668
2016,Mauritania,paid,22935156.456009
2016,Mongolia,paid,1622698.19976195
2016,Mongolia,commitment,6858647.08560011
2016,Mozambique,commitment,64074569.3533033
2016,Nepal,commitment,15569986.6607613
2016,Pakistan,commitment,73375440.4601903
2016,Panama,paid,962532.660055266
2016,Philippines,paid,7788442.87874435
2016,Philippines,commitment,18677710.6857404
2016,Rwanda,paid,31772295.9689573
2016,Sudan,commitment,160815575.97036
2016,Sudan,paid,518191040.667463
2016,"Tanzania, United Republic of",paid,70747089.2124582
2016,Timor-Leste,commitment,4087805.63270001
2016,Turkey,paid,525223833.653388
2016,Ukraine,paid,74859192.8512528
2016,Viet Nam,commitment,5024875.23871209
2016,Yemen,commitment,629577976.962493
2016,Zambia,commitment,4623173.72300868
2016,Zimbabwe,commitment,170641795.525322
2016,Zimbabwe,paid,73392263.6612189
2017,Algeria,commitment,26232238.1741921
2017,Burkina Faso,paid,31088614.1845494
2017,Cameroon,commitment,48769193.942201
2017,Colombia,paid,18923325.5851534
2017,Costa Rica,paid,11729682.9526717
2017,Cuba,paid,11830947.1367225
2017,Djibouti,paid,14468758.2076848
2017,Dominica,paid,13216175.6603137
2017,Dominican Republic,commitment,1295901.95658093
2017,Egypt,paid,49811403.400287
2017,Egypt,commitment,23288124.9929584
2017,Eritrea,paid,2746259.91224506
2017,Eritrea,commitment,815652.409700368
2017,Ghana,commitment,23280.0859560537
2017,Guinea,commitment,1010923.13358048
2017,Haiti,commitment,86341256.0257323
2017,India,commitment,1302724.20029588
2017,Kazakhstan,paid,66031.9703504111
2017,"Korea, Democratic People's Republic of",paid,35373926.7113239
2017,Madagascar,commitment,17721312.2308308
2017,Madagascar,paid,42481733.736561
2017,Malawi,commitment,50857168.7826709
2017,Malaysia,commitment,590075.473668139
2017,Mali,paid,60984118.7094221
2017,Mauritania,paid,22568214.2853237
2017,Mauritania,commitment,8994614.82526234
2017,Mexico,commitment,5711532.71589939
2017,Mongolia,commitment,1479278.08344918
2017,Mongolia,paid,2169059.83588636
2017,Nepal,paid,10647030.7583147
2017,Peru,paid,10992103.0873314
2017,Senegal,paid,3471325.91545536
2017,Sierra Leone,commitment,4157557.87375312
2017,South Africa,commitment,261324.600241423
2017,Sri Lanka,commitment,3275650.37719905
2017,Sudan,commitment,116516074.158209
2017,Sudan,paid,462125006.145146
2017,"Tanzania, United Republic of",paid,77433270.9387352
2017,Turkey,paid,389699224.488541
2017,Viet Nam,commitment,3266450.85479483
2018,Algeria,commitment,22314598.2479375
2018,Belarus,commitment,315465.575981863
2018,Burkina Faso,paid,40357679.7161432
2018,Burundi,paid,55658818.4129335
2018,Cameroon,paid,92957803.8312308
2018,Cameroon,commitment,84322343.8321714
2018,Chad,paid,157754728.742596
2018,Colombia,commitment,101885854.310939
2018,Djibouti,commitment,6378925.37894027
2018,Eritrea,paid,9742012.53310861
2018,Fiji,commitment,132999.169647296
2018,Ghana,paid,1038982.70972915
2018,Haiti,paid,34325980.6825084
2018,India,commitment,2993344.6595125
2018,Kenya,commitment,197928749.819356
2018,"Korea, Democratic People's Republic of",paid,30469729.6138735
2018,Mauritania,paid,42200012.0804454
2018,Mauritania,commitment,47688088.1862948
2018,Niger,paid,159822995.926857
2018,Pakistan,commitment,58690052.9647365
2018,Multi-recipient,paid,83047022.064744
2018,Sudan,paid,378303018.194038
2018,Sudan,commitment,370266483.473745
2018,"Tanzania, United Republic of",commitment,17546956.9769657
2018,"Tanzania, United Republic of",paid,28753389.8650842
2018,Tunisia,paid,498337.36820455
2019,Algeria,commitment,23967575
2019,Argentina,commitment,1488879
2019,Multi-recipient,paid,94103086
2019,Bosnia and Herzegovina,paid,1295846
2019,Brazil,paid,23765811
2019,Burundi,commitment,21969997.4
2019,Cameroon,commitment,71047358
2019,Chad,paid,238749108
2019,Colombia,commitment,136586090.666667
2019,Comoros,commitment,551067
2019,Congo,paid,8865979
2019,Cuba,commitment,1295847
2019,Côte d'Ivoire,paid,2015232
2019,Djibouti,commitment,10999728
2019,Dominican Republic,commitment,34505
2019,El Salvador,paid,2278091
2019,Eritrea,paid,8140512
2019,Gambia,commitment,15244
2019,Ghana,paid,462448
2019,Guatemala,commitment,20541081
2019,Haiti,paid,45455618
2019,India,commitment,4209619
2019,"Iran, Islamic Republic of",paid,9773900
2019,Kenya,paid,33214984
2019,Kenya,commitment,176973889
2019,"Korea, Democratic People's Republic of",paid,38399261
2019,Libya,paid,85688033
2019,Malawi,commitment,35601275
2019,Malawi,paid,27791059
2019,Mali,paid,85626805.0053982
2019,Mauritania,commitment,41146673.8333333
2019,Mauritania,paid,22041723
2019,Myanmar,commitment,117738937.285714
2019,Niger,paid,167402501
2019,Pakistan,commitment,51636872.3636364
2019,Peru,paid,18394580
2019,Philippines,commitment,19468921
2019,Rwanda,paid,23302627
2019,Samoa,paid,3657975
2019,Senegal,paid,1949727
2019,Serbia,commitment,243137
2019,Sierra Leone,commitment,250582
2019,South Sudan,commitment,449051080.01368
2019,Sudan,paid,424403593
2019,Sudan,commitment,266456381.966667
2019,Tajikistan,paid,1769557
2019,"Tanzania, United Republic of",paid,16359896
2019,Uganda,paid,108753577
2019,Ukraine,paid,44078359
2019,"Venezuela, Bolivarian Republic of",paid,68075306
2019,Viet Nam,commitment,3833484
2019,Zimbabwe,commitment,67233620
2020,Algeria,paid,8811893.54914157
2020,Angola,paid,9379870.04215297
2020,Argentina,paid,12476160.3067081
2020,Multi-recipient,paid,260297602.071381
2020,Armenia,paid,4070860.24421607
2020,Azerbaijan,paid,4017634.37813109
2020,Benin,commitment,5905507.2553428
2020,"Bolivia, Plurinational State of",paid,4207006.98720493
2020,Bosnia and Herzegovina,paid,13490903.7863861
2020,Brazil,paid,40292567.5896769
2020,Burundi,paid,80733683.2351785
2020,Cambodia,paid,13064055.5814229
2020,Cameroon,commitment,74588708.239295
2020,Cameroon,paid,144759167.779119
2020,Central African Republic,commitment,180165371.836804
2020,Central African Republic,paid,260551305.592263
2020,Chad,paid,212812957.705269
2020,Chile,paid,8775707.27967688
2020,Costa Rica,paid,6229435.26494921
2020,Côte d'Ivoire,paid,5964450.64506202
2020,Djibouti,paid,13495300.5817173
2020,Dominican Republic,paid,6073734.22321892
2020,Ecuador,paid,64432584.1593112
2020,Egypt,paid,76599554.0800869
2020,El Salvador,paid,6233914.05756962
2020,Eritrea,paid,7685368.62956391
2020,Ethiopia,paid,428488767.470282
2020,Guatemala,paid,12326386.9398122
2020,Guyana,paid,2146377.84571917
2020,Guyana,commitment,7831091.59373559
2020,Honduras,commitment,29863731.3972793
2020,Honduras,paid,14045057.1465679
2020,India,paid,15041939.2710126
2020,"Iran, Islamic Republic of",paid,53283544.6660904
2020,Iraq,commitment,943524388.636779
2020,Kazakhstan,paid,13798214.1627713
2020,Kenya,paid,63178139.7123581
2020,Kenya,commitment,118796182.991142
2020,Lesotho,paid,8581239.46130204
2020,Liberia,paid,2128466.32479691
2020,Madagascar,paid,20877160.0687403
2020,Mali,paid,144951775.721583
2020,Mauritania,paid,36843005.2981393
2020,Mauritania,commitment,51414566.2552634
2020,Mauritius,commitment,422614.396322768
2020,Mexico,paid,5973702.74184885
2020,Morocco,paid,5472688.62542165
2020,Nepal,paid,16418820.8371975
2020,Nicaragua,commitment,12001037.4404199
2020,Nicaragua,paid,6548130.07993965
2020,Nigeria,commitment,396782865.055769
2020,Panama,paid,6077485.45026146
2020,Panama,commitment,15933867.8142704
2020,Paraguay,paid,8447540.35428446
2020,Peru,paid,42123954.5824142
2020,Philippines,paid,16648329.7651677
2020,Rwanda,paid,22842281.0139553
2020,Senegal,paid,16542849.3919474
2020,Serbia,paid,23383361.083525
2020,Somalia,commitment,739663794.292888
2020,Sudan,paid,664519916.34709
2020,"Tanzania, United Republic of",paid,39242193.3866508
2020,Trinidad and Tobago,paid,3270222.22852339
2020,Trinidad and Tobago,commitment,5051691.79102811
2020,Turkey,paid,234039065.451508
2020,Uganda,paid,55042029.5142269
2020,Uruguay,paid,1402670.15671823
2020,"Venezuela, Bolivarian Republic of",paid,100777587.769196
2020,Zambia,paid,24505444.324695
2020,Zimbabwe,paid,206226603.313433
2021,Algeria,paid,7037063.93432641
2021,Benin,paid,1379280.07336614
2021,Burundi,paid,60735764.9093986
2021,Cameroon,paid,114575292.952324
2021,Central African Republic,paid,224057177.815182
2021,Central African Republic,commitment,245644757.353568
2021,Congo,paid,1614822.46010672
2021,"Congo, The Democratic Republic of the",paid,488141940.733442
2021,Costa Rica,paid,1862391.33661354
2021,Ecuador,paid,54204449.6088782
2021,Egypt,paid,49986693.1760811
2021,El Salvador,paid,9742513.94627234
2021,Eritrea,paid,6255107.83302463
2021,Gambia,paid,1364685.13306113
2021,Guatemala,paid,1449250.91358092
2021,Guinea,paid,5381465.26686613
2021,Guyana,paid,1073811.47809544
2021,Honduras,paid,35348766.3201505
2021,India,paid,158515937.42507
2021,Indonesia,paid,27543487.8690171
2021,Multi-recipient,commitment,233429616.347501
2021,Kazakhstan,paid,49512.7357082679
2021,"Korea, Democratic People's Republic of",paid,1528772.3717911
2021,Libya,paid,121870517.322931
2021,Madagascar,paid,76189164.9632247
2021,Malawi,paid,2347585.80763714
2021,Malaysia,paid,5364990.86314648
2021,Mauritania,paid,8509078.6839646
2021,Mongolia,paid,11856505.9768152
2021,Myanmar,commitment,162511420.158532
2021,Nepal,paid,14760137.2262266
2021,Nicaragua,paid,2704280.9631655
2021,Niger,paid,228241981.553991
2021,"North Macedonia, Republic of",paid,354477.341881606
2021,Palau,paid,28894.2934794868
2021,Panama,paid,4888844.50059787
2021,Peru,paid,47615759.9328391
2021,Philippines,paid,2708022.86386248
2021,Rwanda,paid,18203241.4512117
2021,Saint Vincent and the Grenadines,paid,2566852.89139623
2021,Senegal,paid,5107198.87948499
2021,South Africa,paid,939511.669100275
2021,Sri Lanka,paid,876082.534402392
2021,Sudan,paid,507386597.786469
2021,Sudan,commitment,403246408.356078
2021,Suriname,paid,14446.6873271845
2021,Tajikistan,paid,2519861.43040601
2021,"Tanzania, United Republic of",paid,3842617.13422883
2021,Uganda,paid,46432727.5488695
2021,Ukraine,paid,48690114.6254976
2021,"Venezuela, Bolivarian Republic of",commitment,254414738.903326
2021,Zimbabwe,paid,84548229.1351119
2022,Burkina Faso,commitment,17176841.6569636
2022,"Congo, The Democratic Republic of the",paid,1669295.11765253
2022,Global,commitment,23308208.0272756
2022,Lebanon,paid,1093586.04573442
2022,Mali,commitment,29957213.930343
2022,Somalia,commitment,81903480.9538836
2017,Congo,paid,15402520.5712477
2020,Angola,commitment,12400272.5777166
2020,Djibouti,commitment,20047554.058295
2020,Egypt,commitment,12148422.5105854
2020,Ghana,paid,12626191.0515656
2020,Liberia,commitment,10801535.8989064
2020,Zambia,commitment,17315005.0768215
2021,Lesotho,paid,2462343.69417861
2016,"Iran, Islamic Republic of",commitment,24556235.4339694
2016,"Iran, Islamic Republic of",paid,1712773.9953324
2016,Turkey,commitment,190047003.074071
2019,Zambia,paid,4264266.05690046
2016,Croatia,commitment,51321.0293932486
2016,Côte d'Ivoire,commitment,16125268.8033952
2016,Greece,commitment,190105868.464883
2016,Guinea,commitment,3630584.63116482
2016,"Korea, Democratic People's Republic of",commitment,20274162.2096076
2016,Liberia,commitment,15076418.5821631
2016,Serbia,commitment,13326416.2291841
2016,Sierra Leone,commitment,3681580.05675063
2016,Switzerland,commitment,147757.627904501
2016,Thailand,commitment,21472234.5790953
2016,Tunisia,commitment,2547743.46445685
2017,Angola,commitment,13844589.1426302
2017,Armenia,commitment,907562.776359397
2017,Belarus,commitment,398892.618520343
2017,Burkina Faso,commitment,18496295.820252
2017,Côte d'Ivoire,commitment,388320.873602007
2017,Greece,commitment,79736604.3511123
2017,"Korea, Democratic People's Republic of",commitment,4587504.6654293
2017,Liberia,commitment,515884.191339933
2017,Senegal,commitment,3484640.33033453
2017,Tunisia,commitment,1808934.62674585
2017,"Venezuela, Bolivarian Republic of",commitment,2678830.28607819
2017,Zimbabwe,commitment,74895896.9276887
2018,Multi-recipient,commitment,402953776.689635
2018,Guatemala,commitment,30345290.7135796
2018,"Iran, Islamic Republic of",commitment,15965639.4221307
2018,Lao People's Democratic Republic,commitment,4395203.04943294
2018,Malawi,commitment,22751497.8323371
2018,Peru,commitment,13315121.479786
2018,Switzerland,commitment,58165.0557278173
2018,Turkey,paid,271260453.582305
2018,"Venezuela, Bolivarian Republic of",commitment,25690607.0365953
2018,Zimbabwe,commitment,70611418.7159233
2019,Congo,commitment,16569982
2019,Côte d'Ivoire,commitment,318384
2019,Falkland Islands (Malvinas),commitment,245488
2019,Global,commitment,74719586
2019,Indonesia,commitment,13392223
2019,"Iran, Islamic Republic of",commitment,17379154
2019,Nepal,commitment,6174801
2019,Peru,commitment,25344938
2019,Tunisia,commitment,1826567
2019,Turkey,commitment,832596852
2020,Albania,commitment,928224.710584805
2020,Armenia,commitment,7625019.59876088
2020,Belarus,commitment,251094.474635958
2020,Bhutan,paid,4759252.21520619
2020,Bosnia and Herzegovina,commitment,11550455.0860984
2020,Congo,paid,11624171.0238892
2020,Congo,commitment,10364864.6921581
2020,Croatia,paid,3148122.06083927
2020,Gambia,paid,2023012.69652836
2020,Georgia,commitment,234005.545293448
2020,Guatemala,commitment,40795328.8544109
2020,Guinea,commitment,4999064.58333498
2020,Guinea-Bissau,paid,3866829.31176208
2020,India,commitment,3553582.03281609
2020,Malawi,commitment,22340908.305526
2020,Malaysia,paid,3795068.29015858
2020,Malaysia,commitment,2279747.72189011
2020,Montenegro,paid,2182724.96422623
2020,Nepal,commitment,15288795.5641767
2020,South Africa,paid,8654323.8510093
2020,South Africa,commitment,546272.09771587
2020,São Tomé and Príncipe,paid,736980.875227891
2020,Turkey,commitment,633732422.161818
2021,Bosnia and Herzegovina,commitment,7745796.75234917
2021,Cambodia,commitment,23324217.825509
2021,Cameroon,commitment,97566740.5154464
2021,Congo,commitment,12097738.2954181
2021,Equatorial Guinea,commitment,325403.771487549
2021,Ghana,commitment,3340514.39134629
2021,Honduras,commitment,93930079.7544436
2021,India,commitment,11137084.8361658
2021,"Iran, Islamic Republic of",commitment,28324784.6328525
2021,Kenya,commitment,95704304.7386423
2021,Libya,commitment,41848192.4734177
2021,Malawi,commitment,16485890.9097811
2021,Nepal,commitment,20228063.5534548
2021,Pakistan,commitment,54289832.0399481
2021,Somalia,commitment,621743169.384672
2021,South Sudan,commitment,409712745.174326
2021,Turkey,commitment,459163206.66649
2022,Iraq,commitment,90281646.1671785
2016,South Africa,commitment,5692148.01024038
2017,"Moldova, Republic of",commitment,35751.6751911166
2022,"",paid,650601.745372957
2022,Iraq,paid,1340800.02936273
2022,Mali,paid,2887233.78751545
2022,Syrian Arab Republic,paid,980917.533463411
2022,Ukraine,paid,128557.39559945
2022,occupied Palestinian territory,paid,51422.786075841
2018,Egypt,paid,32786303.367465
2019,Egypt,paid,58745853
2020,Italy,commitment,529145.67588936
2021,"Korea, Democratic People's Republic of",commitment,8626813.83106851
2016,Mauritania,commitment,16477343.7003894
2016,Senegal,paid,4420197.75104274
2016,Senegal,commitment,7287314.88267455
2017,Congo,commitment,5257104.44343105
2017,Djibouti,commitment,6049189.03054125
2017,Turkey,commitment,164954882.104056
2018,Albania,commitment,3482.42122349373
2018,Djibouti,paid,4833017.2688541
2018,Dominica,commitment,47815.8421150293
2018,Guatemala,paid,1722350.59426552
2018,Haiti,commitment,45171678.0895
2018,"Korea, Democratic People's Republic of",commitment,6557795.92685012
2018,Madagascar,commitment,33814163.4615761
2019,"Bolivia, Plurinational State of",commitment,2353030
2019,Brazil,commitment,21774909
2019,Chile,commitment,562833
2019,Djibouti,paid,17487995
2019,Haiti,commitment,33545160
2019,Lao People's Democratic Republic,commitment,2781152
2019,Paraguay,commitment,2399191
2019,Senegal,commitment,3218634
2020,Algeria,commitment,23088256.4553802
2020,Gabon,commitment,9004347.55186648
2020,Gambia,commitment,233786.283225353
2020,"Korea, Democratic People's Republic of",commitment,12537577.6537821
2020,Madagascar,commitment,25062120.8943301
2020,Senegal,commitment,4478721.207835
2021,Algeria,commitment,23127133.8598113
2021,Armenia,commitment,9911061.79421511
2021,Brazil,commitment,34858643.803921
2021,Chad,commitment,157410454.33692
2021,Colombia,commitment,230978542.049151
2021,Djibouti,commitment,6691787.17086586
2021,Ecuador,commitment,27950017.0897297
2021,Guinea,commitment,3810968.05717248
2021,Lao People's Democratic Republic,commitment,18803357.291474
2021,Mauritania,commitment,47092397.7692304
2021,Peru,commitment,67417321.8160221
2021,Turkey,paid,134597870.624348
2022,Central African Republic,commitment,71376698.3196726
2022,Niger,paid,4788122.98604027
2022,Nigeria,paid,1402274.00355362
2016,Algeria,commitment,26826104.5660015
2016,Bosnia and Herzegovina,commitment,2510450.10699331
2016,Cambodia,commitment,16767158.200666
2016,Kenya,paid,98915800.7222684
2016,"North Macedonia, Republic of",paid,40377592.2162034
2016,Serbia,paid,16440888.675925
2016,Slovenia,paid,1943716.91387556
2016,Multi-recipient,commitment,73907.2502449691
2017,Bosnia and Herzegovina,commitment,1670648.02357854
2017,Cambodia,commitment,8987827.46701827
2017,Chile,commitment,6323633.60631202
2017,Eswatini,paid,4607781.28442558
2017,Greece,paid,256765875.547184
2017,Honduras,commitment,5235170.96649547
2017,Indonesia,commitment,11192787.0694185
2017,Lesotho,paid,3897874.11206835
2017,Portugal,commitment,215777.18675801
2017,Serbia,commitment,7928767.67183813
2017,United States,paid,11772.6400481669
2018,Bosnia and Herzegovina,commitment,3703447.19886595
2018,Cambodia,commitment,7065465.84008401
2018,Congo,commitment,14957451.557976
2018,Ecuador,commitment,13768838.1412395
2018,El Salvador,commitment,2593952.84585102
2018,Honduras,commitment,9236314.14685351
2018,Italy,commitment,3575635.99684327
2018,Mozambique,commitment,14952250.4152918
2018,Turkey,commitment,882945954.916857
2019,Bosnia and Herzegovina,commitment,6451593
2019,Cambodia,commitment,6355898.42857143
2019,Costa Rica,commitment,1813353
2019,Ecuador,commitment,36228111
2019,Egypt,commitment,7663637
2019,El Salvador,commitment,226937
2019,Eswatini,commitment,1141386
2019,Honduras,commitment,1594018
2019,Italy,commitment,3626374
2019,Lesotho,commitment,3077850
2019,Mexico,commitment,2019749
2019,Nicaragua,commitment,1287109
2020,Kyrgyzstan,commitment,5964013.9408808
2020,Argentina,commitment,2676751.06120522
2020,Chile,commitment,2986523.94363938
2020,Côte d'Ivoire,commitment,5411923.78288972
2020,Eswatini,commitment,4789908.53345739
2020,Ghana,commitment,6567920.60151094
2020,Montenegro,commitment,302790.828351557
2020,"North Macedonia, Republic of",commitment,204829.733624174
2020,Serbia,commitment,574263.299477814
2020,Tajikistan,commitment,8938874.15014053
2021,Azerbaijan,commitment,11078655.5494895
2021,Benin,commitment,699849.847168603
2021,Côte d'Ivoire,commitment,2123914.7495319
2021,Egypt,commitment,36867522.3941672
2021,El Salvador,commitment,20002127.2319305
2021,Eswatini,commitment,1703596.45933828
2021,Global,commitment,566252317.78411
2021,Guatemala,commitment,100027951.555101
2021,Kazakhstan,commitment,953000.195000748
2021,Mauritius,commitment,256050.89510125
2021,Nicaragua,commitment,21082804.4149966
2021,Saint Vincent and the Grenadines,commitment,6111323.77314715
2021,Sri Lanka,commitment,8464329.45627603
2021,"Tanzania, United Republic of",commitment,23823993.015965
2021,Thailand,commitment,39090967.8053493
2021,Togo,commitment,68923.7027488073
2021,Zimbabwe,commitment,78318032.5435348
2022,Afghanistan,commitment,32974965.0972443
2022,Algeria,commitment,1925399.01372568
2022,Armenia,commitment,22894.2473468777
2022,Azerbaijan,commitment,155171.55041878
2022,Multi-recipient,commitment,77155273.3634982
2022,Bangladesh,commitment,11706878.421513
2022,Benin,commitment,33478.793412271
2022,Burundi,commitment,4927793.18866295
2022,Cameroon,commitment,4494863.81777729
2022,Chad,commitment,101962851.641431
2022,Colombia,commitment,15581325.1832792
2022,Côte d'Ivoire,commitment,33478.793412271
2022,Djibouti,commitment,39025.2134752987
2022,Ecuador,commitment,2848322.32241234
2022,Multi-recipient,paid,4578657.78546264
2022,Ethiopia,commitment,41936787.499851
2022,Ghana,commitment,33478.793412271
2022,Haiti,commitment,6558799.37223868
2022,"Iran, Islamic Republic of",commitment,76314.1578229257
2022,Jordan,commitment,7190881.94060412
2022,Kenya,commitment,21602073.5730849
2022,Lebanon,commitment,137705003.086547
2022,Libya,paid,0
2022,Libya,commitment,4779857.64257655
2022,Madagascar,commitment,28698368.0307337
2022,Mauritania,commitment,27797399.6413281
2022,Mozambique,commitment,25341991.6341871
2022,Niger,commitment,36562420.9157296
2022,Peru,commitment,2407674.1125082
2022,South Sudan,commitment,77200273.0817508
2022,South Sudan,paid,16441412.3200245
2022,Sri Lanka,commitment,1021159.24950415
2022,Sudan,commitment,124706103.675014
2022,"Tanzania, United Republic of",commitment,6421396.73336454
2022,Thailand,commitment,10435.6487401949
2022,Togo,commitment,33482.216339287
2022,Turkey,commitment,17074881.0898059
2022,Uganda,commitment,12952371.4458532
2022,Ukraine,commitment,10888982.0140314
2022,"Venezuela, Bolivarian Republic of",commitment,32995660.4934388
2022,Zimbabwe,commitment,9914039.31802608
2018,Eritrea,commitment,1908311.24699971
2018,Zambia,commitment,1259649.5558017
2019,Turkey,paid,650879376
2019,Zambia,commitment,1845279
2020,Antigua and Barbuda,commitment,338111.35244493
2020,Eritrea,commitment,4856904.04961929
2020,Malawi,paid,14262694.1882024
2021,Lithuania,commitment,103803.886590379
2021,Sierra Leone,paid,1142261.97088603
2021,Sierra Leone,commitment,4468016.52271457
2016,"Bolivia, Plurinational State of",commitment,6546786.71889195
2016,El Salvador,paid,594708.560005166
2016,El Salvador,commitment,4561625.70964123
2016,Malawi,paid,14337833.6795889
2016,Palau,commitment,336804.714170513
2016,Peru,commitment,1698225.72015109
2017,Cape Verde,commitment,352063.5816126
2017,El Salvador,commitment,151891.728619619
2017,Nicaragua,commitment,261973.103153915
2018,Algeria,paid,6654127.16231892
2018,Guinea-Bissau,commitment,1633023.56525408
2018,Tunisia,commitment,1893979.82054247
2019,Bahamas,commitment,27791416
2019,Eritrea,commitment,1301526
2019,Samoa,commitment,112211
2020,El Salvador,commitment,11808393.3320553
2021,Cuba,commitment,1011376.80385405
2021,Tunisia,commitment,1349891.52664118
2016,Cambodia,paid,2182805.76644076
2016,Congo,paid,17014146.7353114
2016,Gambia,paid,2260366.39920405
2016,Guinea,paid,12042228.1210081
2016,Guinea-Bissau,paid,1433552.76826471
2016,Kyrgyzstan,paid,1486840.80063403
2016,Liberia,paid,4030765.57040016
2016,Madagascar,paid,14559022.234179
2016,Sierra Leone,paid,22258908.7380717
2016,"Taiwan, Province of China",paid,1200396.31084202
2016,Viet Nam,paid,4976437.76783953
2017,Guinea,paid,2683154.12885963
2017,"Iran, Islamic Republic of",paid,4791570.89646353
2017,Liberia,paid,3017073.06295426
2017,Malawi,paid,4242002.069726
2017,Rwanda,paid,18399952.9788083
2017,Zambia,paid,1928048.75783946
2017,Zimbabwe,paid,8057394.60356803
2018,Angola,paid,4148677.88939667
2018,Congo,paid,4037052.09732764
2018,Mongolia,paid,152839.622163576
2018,Namibia,paid,873835.194865162
2018,Rwanda,paid,4609637.19128191
2018,Sierra Leone,paid,3079801.66864596
2018,Togo,paid,1228804.34075565
2018,Zimbabwe,paid,6496833.8074861
2019,Angola,paid,9582598
2019,Benin,paid,1530243
2019,Botswana,paid,5e+05
2019,Cambodia,paid,3649346
2019,Comoros,paid,4273613
2019,Eswatini,paid,1079312
2019,Gambia,paid,1352577
2019,Guinea,paid,2746055
2019,Guinea-Bissau,paid,1427466
2019,Lesotho,paid,7887924
2019,Namibia,paid,941309
2019,Sierra Leone,paid,5129879
2019,Togo,paid,811089
2020,Bhutan,commitment,2829017.29094784
2020,Botswana,commitment,4937182.38099844
2020,Comoros,paid,1775423.65545641
2020,Cook Islands,commitment,908170.59942955
2020,Fiji,commitment,8045945.97729739
2020,Guinea-Bissau,commitment,14681371.3012091
2020,Jamaica,commitment,2360734.48239046
2020,Kyrgyzstan,paid,9286314.40702615
2020,Lesotho,commitment,6690405.57304296
2020,Maldives,paid,9075371.89105571
2020,Maldives,commitment,6329398.58341338
2020,Mauritius,paid,1921400.83720714
2020,Mongolia,commitment,11178057.2153746
2020,Morocco,commitment,5853208.36165449
2020,Namibia,commitment,2973248.72444334
2020,Nauru,commitment,908170.59942955
2020,Oman,paid,218711.462035812
2020,Palau,commitment,2724510.82836288
2020,Papua New Guinea,commitment,10926540.9544108
2020,Samoa,commitment,1547845.38677254
2020,Solomon Islands,commitment,3713141.67251817
2020,Sri Lanka,paid,6527421.91948415
2020,Tajikistan,paid,11367483.6971313
2020,Togo,paid,3120569.08801078
2020,Tonga,commitment,2413020.96877933
2020,Tunisia,paid,12912884.6750724
2020,Tuvalu,commitment,1005563.68835752
2020,Uzbekistan,paid,5069978.63644032
2020,Uzbekistan,commitment,8038255.38538664
2020,Vanuatu,commitment,3904294.39019995
2021,Angola,paid,7498081.67169533
2021,Angola,commitment,352778.445169267
2021,Armenia,paid,3017700.04234361
2021,Botswana,paid,306202.282981719
2021,Comoros,paid,4636035.44428956
2021,Djibouti,paid,6716869.23522902
2021,Eswatini,paid,2146486.2629685
2021,Fiji,commitment,1269706.56532404
2021,Gambia,commitment,2116670.6710156
2021,Guinea-Bissau,paid,1659157.47955944
2021,Guinea-Bissau,commitment,470371.260225689
2021,Indonesia,commitment,4779663.53129944
2021,Lesotho,commitment,5207173.45320354
2021,Marshall Islands,commitment,15786863.6436003
2021,Mongolia,commitment,892696.425262802
2021,Morocco,paid,463599.822385972
2021,Morocco,commitment,178023.932234765
2021,Namibia,commitment,470371.260225689
2021,Philippines,commitment,16494849.3175451
2021,Senegal,commitment,1367832.49642573
2021,Timor-Leste,commitment,4718854.67814731
2021,Tunisia,paid,11479005.3304034
2021,Vanuatu,commitment,862351.247319747
2021,Viet Nam,paid,4781888.18490666
2021,Zambia,commitment,24438428.064911
2021,Zambia,paid,1159460.27530531
2016,Kyrgyzstan,commitment,715065.641505245
2016,Tajikistan,commitment,6965720.31704688
2017,Chile,paid,5404111.17815805
2020,China,paid,12964682.8734715
2017,Barbados,paid,67109.1293420262
2019,Tunisia,paid,128419
2020,Albania,paid,10781535.3650891
2020,Benin,paid,1244022.81985288
2020,Botswana,paid,996670.20952312
2020,Georgia,paid,1723089.20702452
2020,Saudi Arabia,paid,235671.607512985
2016,Zambia,paid,2081345.11571991
2017,Ecuador,commitment,2282564.24602936
2018,Greece,commitment,244873184.905304
2016,Bulgaria,paid,31825.5138425994
2017,Albania,commitment,160700.86848906
2020,"Moldova, Republic of",commitment,138115.775617933
2020,Spain,commitment,53696.8798522506
2016,Israel,commitment,897292.64469306
2017,"Bolivia, Plurinational State of",commitment,3070801.00585629
2017,Lao People's Democratic Republic,commitment,191013.792848268
2018,"Bolivia, Plurinational State of",commitment,1573805.76793104
2018,Nepal,commitment,7726533.27253048
2018,Serbia,commitment,482334.52345758
2020,Israel,commitment,866283.38592948
2021,Brazil,paid,22584931.6226449
2016,Belize,commitment,200553.405953887
2016,Italy,commitment,33127.285267961
2021,Greece,paid,381646.246881755
2016,Marshall Islands,paid,52773.7741320704
2016,Solomon Islands,paid,342548.538018972
2016,Timor-Leste,paid,1370577.12778922
2016,Tonga,paid,239911.230083327
2016,Vanuatu,paid,431902.440511838
2017,Solomon Islands,paid,26283.1487712933
2017,Tonga,paid,1536.6448060878
2017,Vanuatu,paid,501633.956051767
2017,Viet Nam,paid,4949909.03895334
2018,Fiji,paid,889990.481879881
2018,Vanuatu,paid,1311214.35593723
2019,Fiji,paid,581344
2019,Kiribati,paid,33603
2019,Palau,paid,70459
2019,Solomon Islands,paid,10832
2019,Tonga,paid,43255
2019,Tuvalu,paid,45746
2020,Cook Islands,paid,362025.556449722
2020,Kiribati,paid,552620.707427481
2020,Niue,paid,456215.130107374
2020,Solomon Islands,paid,374623.848872455
2020,Tokelau,paid,476234.452933673
2020,Tonga,paid,1346384.0841821
2020,Tuvalu,paid,333389.394189538
2016,Cuba,paid,1928612.87613291
2016,Nepal,paid,5669258.28562948
2017,Bosnia and Herzegovina,paid,344284.384831908
2017,Cambodia,paid,443273.885944265
2017,Lao People's Democratic Republic,paid,549448.843776579
2017,Tajikistan,paid,39686636.2340461
2017,Thailand,paid,676840.328356363
2018,Cambodia,paid,170305.424901412
2018,"Iran, Islamic Republic of",paid,1639322.72839357
2018,Tajikistan,paid,774940.910506603
2019,Algeria,paid,2045195
2019,Bahamas,paid,2435427
2019,Global,paid,39921543
2019,Thailand,paid,1322741
2021,Cambodia,paid,1184259.31843037
2021,Switzerland,paid,1798959.60209055
2022,Colombia,paid,13183370.2386586
2016,Kazakhstan,commitment,933172.822984836
2020,São Tomé and Príncipe,commitment,518981.882516444
2016,Morocco,paid,4386.79680901263
2016,Saint Vincent and the Grenadines,commitment,144150.78893969
2017,Antigua and Barbuda,paid,2235470.63211146
2017,Kiribati,paid,213976.65420125
2017,Saint Kitts and Nevis,paid,320964.981301875
2020,Belarus,paid,3595110.21355776
2020,Cuba,paid,3013895.56437301
2020,"Moldova, Republic of",paid,4151173.27059829
2020,"North Macedonia, Republic of",paid,3594382.69049565
2016,Albania,commitment,61891.5640970811
2016,Algeria,paid,1034426.82845373
2016,Benin,paid,1213271.35071395
2016,Comoros,paid,126159.899297185
2016,Dominica,commitment,175884.283387573
2016,Ghana,paid,411877.162901826
2016,Multi-recipient,paid,43699160.8201656
2016,Kazakhstan,paid,4098006.2690866
2016,Maldives,paid,106467.408166831
2016,Nicaragua,paid,958457.511235182
2016,Tajikistan,paid,14627541.3769972
2017,Albania,paid,148054.512046862
2017,Algeria,paid,554351.237299829
2017,Benin,paid,2116528.99527928
2017,Comoros,paid,127569.505760423
2017,Gambia,paid,579290.524884569
2017,Ghana,paid,530325.214358095
2017,Honduras,paid,831526.295692272
2017,India,paid,70592.4414171985
2017,Maldives,paid,127569.505760423
2017,Nicaragua,paid,856472.319871178
2017,Poland,paid,112051.494313014
2018,Albania,paid,198993.042689579
2018,Benin,paid,2444125.04482142
2018,Comoros,paid,184535.986390349
2018,Gambia,paid,2465121.9273707
2018,Greece,paid,602920.913672985
2018,Honduras,paid,1482767.42246873
2018,Japan,paid,401947.27578199
2018,Malaysia,paid,362954.370558379
2018,Maldives,paid,111816.707781602
2018,Nicaragua,paid,1606996.72918023
2018,Sri Lanka,paid,1051327.24822887
2019,Albania,paid,1751747
2019,Gabon,paid,50000
2019,Honduras,paid,3655645
2019,Malaysia,paid,192607
2019,Maldives,paid,209777
2019,Mauritius,paid,10282133
2019,Morocco,paid,464192
2019,Nicaragua,paid,1823464
2020,Gabon,paid,691881.90241195
2020,Guinea,paid,5939151.05757694
2020,Singapore,paid,116882.699092748
2021,Albania,paid,2400339.02555306
2021,Azerbaijan,paid,2704971.89855482
2021,Bosnia and Herzegovina,paid,1399548.92088686
2021,Bulgaria,paid,101124.939797512
2021,Côte d'Ivoire,paid,288947.197227638
2021,Ghana,paid,139103.737274978
2021,Jamaica,paid,971972.009087876
2021,Kyrgyzstan,paid,1438611.44380503
2021,Liberia,paid,974385.527395297
2021,Maldives,paid,50314.1310504339
2021,Mauritius,paid,587110.94434145
2021,Namibia,paid,971972.009087876
2021,Togo,paid,1073096.94888539
2021,Turkmenistan,paid,2106126.7468817
2021,Uruguay,paid,1707282.43341525
2021,Uzbekistan,paid,101124.939797512
2017,Guatemala,commitment,12952061.5897834
2017,Saint Kitts and Nevis,commitment,201688.227030506
2021,"Bolivia, Plurinational State of",commitment,2566502.18799346
2021,Holy See (Vatican City State),commitment,546678.740542175
2016,Azerbaijan,commitment,570137.219802217
2016,Brazil,commitment,570137.219802217
2016,Cape Verde,commitment,5179.62279295049
2016,Jamaica,commitment,114107.555042882
2016,Paraguay,commitment,2207470.87064525
2016,United Kingdom,paid,118214.64558834
2017,Azerbaijan,commitment,1073234.90040435
2017,Barbados,commitment,15582.071620743
2017,Fiji,commitment,290862.486193931
2017,Panama,paid,6777748.31862391
2017,Zambia,commitment,227575.405329612
2018,Azerbaijan,commitment,598803.689284833
2018,Liberia,commitment,377731.013451351
2018,Mexico,commitment,18664072.1106896
2018,Sri Lanka,commitment,1257236.90099453
2019,Azerbaijan,commitment,539374
2019,Namibia,commitment,1348730
2019,Russian Federation,commitment,323625
2019,Thailand,commitment,20865431
2019,Trinidad and Tobago,paid,2097443
2019,Uzbekistan,commitment,215750
2020,Cuba,commitment,1735485.87342109
2021,"Bolivia, Plurinational State of",paid,2545227.23625258
2021,Eritrea,commitment,194150.635759662
2021,Norway,paid,522873.524313012
2021,Trinidad and Tobago,paid,3133070.76393653
2016,Malta,commitment,252999.173918174
2016,Morocco,commitment,1711221.1725393
2016,Nicaragua,commitment,1861669.3754408
2016,Togo,commitment,207229.520313538
2016,"Venezuela, Bolivarian Republic of",commitment,2580499.7684428
2017,Brazil,paid,52855.0189751476
2017,Italy,commitment,39926.2337901759
2017,Kyrgyzstan,commitment,569458.371325335
2017,Montenegro,commitment,27910.4716230526
2017,Morocco,commitment,2763601.36662991
2017,Russian Federation,commitment,352868.789691285
2017,Tajikistan,commitment,3779455.75893375
2017,Thailand,commitment,4120547.86617042
2018,Armenia,commitment,1683.36662390765
2018,Costa Rica,commitment,6473510.71743116
2018,Cuba,commitment,1049658.60340435
2018,India,paid,5357577.63306387
2018,Mongolia,commitment,908222.146422985
2018,Morocco,commitment,1466109.08555936
2018,Morocco,paid,128654.637366792
2018,Nicaragua,commitment,1435092.1747681
2018,Tajikistan,commitment,1682731.39249462
2018,Thailand,commitment,886454.45932511
2019,Armenia,commitment,21689
2019,Greece,commitment,556970
2019,Kyrgyzstan,commitment,1036215
2019,Mongolia,commitment,1295861
2019,Morocco,commitment,1940929
2019,Panama,commitment,2108838
2019,Tajikistan,commitment,1197494
2019,Vanuatu,commitment,454670
2020,Bahamas,commitment,4092641.32382395
2020,Italy,paid,2846241.95275122
2021,Chile,commitment,3504230.34836282
2021,Croatia,commitment,3516.39095046333
2021,Czech Republic,commitment,189046.347349257
2021,Georgia,commitment,219996.827190306
2021,Greece,commitment,483609.3811203
2021,Hungary,commitment,0
2021,Hungary,paid,196549.764084618
2021,Italy,commitment,196767.254424773
2021,Tajikistan,commitment,1114910.83799301
2022,"Bolivia, Plurinational State of",commitment,137514.283607091
2022,Central African Republic,paid,2716859.09150003
2022,Egypt,commitment,238287.086873813
2022,Global,paid,0
2022,Hungary,commitment,19063.2090114226
2022,Kenya,paid,158162.131052958
2022,"Korea, Democratic People's Republic of",commitment,858780.664883632
2022,"Korea, Democratic People's Republic of",paid,20974.6304945415
2022,Kyrgyzstan,paid,0
2022,Kyrgyzstan,commitment,96163.2603684909
2022,Lao People's Democratic Republic,commitment,70888.5799159967
2022,Nicaragua,commitment,855473.067147579
2022,Sri Lanka,paid,51964.5562771576
2022,Tajikistan,commitment,117732.670591837
2022,Turkey,paid,124989.329085414
2022,Yemen,paid,910006.069026883
2022,India,commitment,92444.8441766977
2016,Panama,commitment,2804124.20950325
2016,Togo,paid,166763.944418272
2016,Tunisia,paid,92792.5524153371
2016,Indonesia,paid,752532.695747156
2016,Croatia,paid,1069378.14502445
2016,Gambia,commitment,446087.975219188
2016,Brazil,paid,776561.21683801
2016,Eswatini,paid,10976029.8006975
2016,Paraguay,paid,1072214.13890429
2016,Belize,paid,31267.8487303169
2016,Thailand,paid,896919.649199741
2016,Angola,paid,8206529.35217187
2016,Congo,commitment,9610453.92573012
2016,Guatemala,commitment,6881081.51501062
2016,Honduras,commitment,2146081.30474479
2016,Dominican Republic,commitment,1823340.30306989
2016,Armenia,paid,931630.764227913
2016,Armenia,commitment,2196370.81784159
2016,Belgium,commitment,797358.283686938
2016,Bhutan,commitment,347034.557226417
2016,Costa Rica,commitment,1899900.44137623
2016,Dominican Republic,paid,835756.239622313
2016,Ghana,commitment,330014.424900881
2016,Uzbekistan,commitment,177054.193435419
2017,Guinea-Bissau,paid,2056779.64393454
2017,Togo,paid,207412.737150821
2017,Tunisia,paid,111160.862363045
2017,Germany,paid,967594.932435533
2017,Mexico,paid,5469799.92122193
2017,Cape Verde,paid,1024250.31432194
2017,China,paid,93833.6197956612
2017,Dominican Republic,paid,92182.5282889743
2017,"North Macedonia, Republic of",paid,697333.171747604
2017,Marshall Islands,paid,360253.417554569
2017,Benin,commitment,52452.8828467407
2017,Argentina,commitment,660096.55157043
2017,Belgium,commitment,769931.009776428
2017,Bhutan,commitment,904373.380186853
2017,Costa Rica,commitment,1036740.65882559
2017,Eswatini,commitment,2585541.7899095
2017,Kazakhstan,commitment,556053.204641607
2017,Lesotho,commitment,2193388.35976288
2017,"North Macedonia, Republic of",commitment,865219.065018427
2017,Panama,commitment,29820.0236511689
2017,Paraguay,commitment,2052207.26556265
2018,Guinea,paid,793006.926327598
2018,Guinea-Bissau,paid,610711.861985914
2018,Madagascar,paid,1880260.64322262
2018,Mozambique,paid,2096226.83222504
2018,Zambia,paid,6655123.11433022
2018,Marshall Islands,paid,33441.7057800884
2018,Bosnia and Herzegovina,paid,147439.762256841
2018,Kyrgyzstan,paid,26846.5579960011
2018,Russian Federation,paid,26846.5579960011
2018,Mexico,paid,2156622.66970497
2018,Panama,paid,2669166.74337447
2018,Ecuador,paid,2091047.92877326
2018,Côte d'Ivoire,commitment,294294.858727677
2018,Liberia,paid,2386659.6925325
2018,Brazil,paid,2057592.64397628
2018,El Salvador,paid,44122.6471861782
2018,Serbia,paid,275931.840525932
2018,"North Macedonia, Republic of",paid,29453.0294614659
2018,Switzerland,paid,35160.387755058
2018,United Arab Emirates,paid,29429.4858727677
2018,Cuba,paid,98070.8187224111
2018,Angola,commitment,4580332.10888842
2018,Peru,paid,2341016.13730907
2018,Dominican Republic,paid,255619.346014457
2018,Benin,commitment,64058.180916391
2018,Guinea,commitment,1273425.62550901
2018,Sierra Leone,commitment,273876.681429151
2018,Togo,commitment,455410.503069594
2018,Anguilla (United Kingdom),commitment,574345.846292934
2018,Antigua and Barbuda,commitment,3553983.19262442
2018,Barbados,commitment,2057641.96440641
2018,Dominican Republic,commitment,1765996.74039014
2018,Lesotho,commitment,355428.729731177
2018,Lesotho,paid,794777.600394277
2018,Russian Federation,commitment,284838.183933894
2018,South Africa,commitment,236952.486487452
2019,India,paid,3019192
2019,Ghana,commitment,42904
2019,Kyrgyzstan,paid,54720
2019,Benin,commitment,328295
2019,Liberia,paid,532029
2019,Guyana,paid,1002266
2019,Greece,paid,1856236
2019,"Bolivia, Plurinational State of",paid,94171
2019,Papua New Guinea,paid,269776
2019,Guinea,commitment,1028182
2019,Togo,commitment,1183965
2019,Guatemala,paid,2168208
2019,"Moldova, Republic of",paid,28920
2019,Panama,paid,2170118
2019,Serbia,paid,50000
2019,South Africa,paid,54000
2019,Uruguay,paid,667014
2019,Armenia,paid,60000
2019,Kuwait,paid,873131
2019,Cuba,paid,1995221
2019,Marshall Islands,paid,583967
2019,Liberia,commitment,25387
2019,Dominican Republic,paid,422036
2020,Kuwait,commitment,31519.3253697602
2020,Romania,paid,2086386.46196679
2020,Belize,commitment,840307.571270558
2020,Belize,paid,770225.216828688
2020,Cape Verde,paid,378197.018479177
2020,Comoros,commitment,620790.36634313
2020,Eswatini,paid,265171.189293305
2020,Jamaica,paid,1098196.05260406
2020,Bulgaria,paid,1488831.80899156
2020,Denmark,paid,423952.11610347
2020,Equatorial Guinea,paid,606418.068210029
2020,Greece,paid,17871761.4968861
2020,Namibia,paid,4609245.36656622
2020,Switzerland,paid,1794843.64243204
2020,Croatia,commitment,226251.937026797
2020,Romania,commitment,282814.921283497
2020,San Marino,commitment,169688.952770098
2020,United Kingdom,commitment,282814.921283497
2020,Barbados,paid,1821304.59477164
2020,Saint Lucia,commitment,93422.3726923803
2020,Suriname,commitment,93422.3726923803
2020,Dominica,commitment,973930.889279738
2020,Saint Vincent and the Grenadines,commitment,973930.889279738
2021,Serbia,paid,5390640.74989108
2021,Argentina,paid,6354114.52776035
2021,Bahamas,paid,161945.938512495
2021,Croatia,paid,417848.633132874
2021,Cuba,paid,269908.347125357
2021,Dominican Republic,paid,1889427.51599069
2021,Mexico,paid,689442.889391993
2021,Montenegro,paid,215926.677700286
2021,Paraguay,paid,559785.808909773
2021,Romania,paid,269908.347125357
2021,San Marino,paid,165463.165672519
2021,United Kingdom,paid,269908.347125357
2021,Mexico,commitment,60692168.5043881
2021,Aruba,commitment,72626.415251139
2021,Tuvalu,paid,46511.8640574456
2021,Antigua and Barbuda,paid,180639.986914464
2021,Equatorial Guinea,paid,1512562.30245892
2021,Botswana,commitment,0
2021,Dominican Republic,commitment,5677757.8903105
2021,Liberia,commitment,1595238.53528399
2021,Papua New Guinea,commitment,2130252.68466765
2021,Viet Nam,commitment,6134638.08329557
2022,"Tanzania, United Republic of",paid,413450.358374107
2022,Zimbabwe,paid,2597861.77079185
2022,Pakistan,commitment,69239.9672956615
2022,Ethiopia,paid,1352549.43671665
2022,Philippines,paid,7792953.77701392
2022,Philippines,commitment,3085043.88263703
2022,Afghanistan,paid,51220.4974547176
2022,Bosnia and Herzegovina,commitment,325598.629730328
2022,Dominican Republic,paid,27303.5483736343
2022,Dominican Republic,commitment,245048.801599833
2022,Ecuador,paid,102870.678778903
2022,Panama,commitment,279216.390814271
2022,Peru,paid,27936.7188958735
2022,Trinidad and Tobago,commitment,264747.03632614
2018,Antigua and Barbuda,paid,1471496.25379568
2019,Belarus,paid,3200
2020,Antigua and Barbuda,paid,320156.33464886
2020,Bahamas,paid,461213.194862094
2020,Cyprus,paid,1073577.05672965
2020,Grenada,paid,320156.33464886
2020,"Micronesia, Federated States of",paid,1255695.75305207
2020,Nauru,paid,124612.101931592
2020,Palau,paid,124612.101931592
2020,Saint Kitts and Nevis,paid,320156.33464886
2020,Saint Lucia,paid,320156.33464886
2020,Saint Vincent and the Grenadines,paid,320156.33464886
2020,Seychelles,paid,2012956.9813681
2020,Suriname,paid,407511.957783631
2020,Turkmenistan,paid,6511519.25057498
2022,Burkina Faso,paid,2384136.3127923
2022,Chad,paid,449758.627718534
2022,Uganda,paid,3565886.6935011
2016,Bahamas,commitment,538497.145125392
2016,Canada,commitment,53094.288969087
2016,China,commitment,849508.623505392
2016,Denmark,paid,10618857.7938174
2016,"Korea, Republic of",commitment,403016.447962972
2016,Malaysia,commitment,610701.130580232
2016,"Micronesia, Federated States of",commitment,27828882.0338026
2016,Namibia,paid,1061885.77938174
2016,Portugal,commitment,53094.288969087
2016,"Taiwan, Province of China",commitment,212377.155876348
2016,Tonga,commitment,518627.138421601
2016,United Arab Emirates,paid,743320.045567218
2016,Uruguay,commitment,53094.288969087
2017,Bahamas,commitment,122170.981276542
2017,Canada,commitment,52114.5005189406
2017,China,commitment,250149.602490915
2017,Gambia,commitment,52114.5005189406
2017,Israel,commitment,101236.586418084
2017,Jamaica,commitment,104229.001037881
2017,"Korea, Republic of",commitment,378069.855464706
2017,"Micronesia, Federated States of",commitment,14890074.8319409
2017,Namibia,paid,260572.502594703
2017,Palau,commitment,333259.7233385
2017,Papua New Guinea,commitment,3631338.39615978
2017,Puerto Rico (United States),commitment,386168.44884535
2017,Saint Martin (France),commitment,104229.001037881
2017,Sint Maarten (Dutch part),commitment,104229.001037881
2017,Solomon Islands,commitment,567295.522268959
2017,South Africa,paid,1719778.51712504
2017,Timor-Leste,commitment,4533961.54514783
2017,Tonga,commitment,519801.493366027
2017,Ecuador,paid,30772.570266424
2017,Guatemala,paid,104229.001037881
2018,Argentina,paid,188591.612102952
2018,Brazil,commitment,7865273.01206945
2018,Cape Verde,commitment,50892.5789876491
2018,Chile,paid,255397.282688459
2018,Costa Rica,paid,247028.50699973
2018,Curaçao,paid,37060.9938703858
2018,Eswatini,paid,589653.634369859
2018,Eswatini,commitment,5482046.82339159
2018,Georgia,commitment,605299.031002243
2018,Guyana,commitment,94016.9147186234
2018,Guyana,paid,98878.1738635237
2018,Japan,commitment,152677.736962947
2018,"Korea, Republic of",commitment,377168.974283787
2018,"Micronesia, Federated States of",commitment,3703562.90090184
2018,Palau,commitment,205997.891968307
2018,Panama,commitment,2226509.61664646
2018,Puerto Rico (United States),commitment,1027.01224397076
2018,Solomon Islands,commitment,508925.789876491
2018,Timor-Leste,commitment,1424992.21165417
2018,Trinidad and Tobago,commitment,2107069.82302034
2018,Uruguay,paid,85892.4234090351
2019,American Samoa,commitment,160000
2019,Argentina,paid,4604614
2019,Aruba,paid,901948
2019,Chile,paid,1399082
2019,Costa Rica,paid,2520304
2019,Curaçao,paid,213590
2019,Guyana,commitment,2395633
2019,Japan,commitment,250000
2019,"Korea, Republic of",commitment,284581
2019,Malaysia,commitment,2087499
2019,Mexico,paid,925848
2019,"Micronesia, Federated States of",commitment,4839664
2019,Palau,commitment,1056198
2019,Paraguay,paid,159998
2019,Solomon Islands,commitment,5e+05
2019,"Taiwan, Province of China",commitment,2e+05
2019,Timor-Leste,commitment,1748773
2019,Trinidad and Tobago,commitment,3781630
2019,Uruguay,commitment,1e+05
2020,Aruba,commitment,1141695.61460164
2020,Aruba,paid,140269.910061286
2020,Australia,commitment,98863.0844155299
2020,Barbados,commitment,133465.163960965
2020,Curaçao,commitment,74142.3701574266
2020,Curaçao,paid,123579.844150256
2020,Dominica,paid,790904.675324239
2020,Equatorial Guinea,commitment,213544.262337545
2020,"Korea, Republic of",commitment,262716.783264141
2020,Marshall Islands,paid,519031.193181532
2020,"Taiwan, Province of China",commitment,148294.626623295
2021,Argentina,commitment,223178.463881399
2021,Aruba,paid,553096.394649241
2021,Bahamas,commitment,218323.847121405
2021,Barbados,commitment,226956.972309026
2021,Belize,commitment,666624.368202267
2021,Cape Verde,commitment,97034.1147310433
2021,Chile,paid,7811247.20619013
2021,Costa Rica,commitment,13820178.8840013
2021,Curaçao,paid,87329.7329167916
2021,Guyana,commitment,1115892.319407
2021,Kiribati,commitment,242585.286827608
2021,"Korea, Republic of",commitment,585243.796859636
2021,Malaysia,commitment,1649579.95042774
2021,Palau,commitment,251677.383377907
2021,Panama,commitment,2421971.50368684
2021,Paraguay,commitment,232881.875354504
2021,Solomon Islands,commitment,485170.573655216
2021,Trinidad and Tobago,commitment,2212377.81586779
2021,Uruguay,commitment,106737.526204148
2022,El Salvador,commitment,759087.777042985
2022,Guatemala,commitment,2116417.37547215
2022,Honduras,commitment,7877322.38967618
2022,Japan,commitment,309400.382483836
2022,"Micronesia, Federated States of",commitment,159231.945270864
2022,Rwanda,commitment,3795438.88521493
2022,Saint Vincent and the Grenadines,commitment,128022.051317742
2022,"Taiwan, Province of China",commitment,284657.916391119
