Donor,DI_codename,DI_privatemoney
21 Century Unification Service Organization,other,no
3Com,private sector corporations,private
3M,private sector corporations,private
AASAA,other,no
Aayo Development Foundation,NGOs,no
Abbott Laboratories,private sector corporations,private
Abdul Latif Jameel Group,private sector corporations,private
Abt Associates,private sector corporations,private
Abu Dhabi National Energy Company,private sector corporations,private
Abundant Life Church,Other,private
Accenture,private sector corporations,private
Accion Contra el Hambre - Spain,NGOs,no
Acción Solidaria,NGOs,no
ACE Charitable Foundation,NGOs,no
Ace Hardware Foundation,foundations,private
ACF - France,NGOs,no
ACF - Spain,NGOs,no
ACT Alliance,NGOs,no
ACT Alliance / Amity Foundation,NGOs,no
ACT Alliance / Bread for the World,NGOs,no
ACT Alliance / Canadian Lutheran World Relief,NGOs,no
ACT Alliance / Christian Aid,NGOs,no
ACT Alliance / Church of Sweden,NGOs,no
ACT Alliance / Church World Service,NGOs,no
ACT Alliance / DanChurchAid,NGOs,no
"ACT Alliance / Diakonia, Sweden",NGOs,no
ACT Alliance / Diakonie,NGOs,no
ACT Alliance / Diakonie Austria,NGOs,no
ACT Alliance / Diakonie Emergency Aid,NGOs,no
ACT Alliance / Diakonie Katastrophenhilfe,NGOs,no
ACT Alliance / Finn Church Aid,NGOs,no
ACT Alliance / Hungarian Interchurch Aid,NGOs,no
ACT Alliance / Interchurch Organisation for Development Co-operation,NGOs,no
ACT Alliance / Kerk in Actie - Netherlands,NGOs,no
ACT Alliance / Lutheran World Federation,NGOs,no
ACT Alliance / Lutheran World Relief,NGOs,no
ACT Alliance / Norwegian Church Aid,NGOs,no
ACT Alliance / United Church of Canada,NGOs,no
ACT Alliance / United Methodist Committee on Relief,NGOs,no
ACT Alliance / World Renew,NGOs,no
ACT Netherlands,NGOs,no
Actavis Group,private sector corporations,private
Action Against Hunger,NGOs,no
Action by Churches Together (ACT),NGOs,no
Action Contre la Faim,NGOs,no
Action d'Urgence International,NGOs,no
action medeor,NGOs,no
action medeor e.V.,NGOs,no
ActionAid International,NGOs,no
Actions Médicales Internationale,NGOs,private
ADC Foundation,foundations,private
ADRA/HELP International,NGOs,no
Advent Software,private sector corporations,private
Adventist Development and Relief Agency,NGOs,no
Aetna Foundation,foundations,private
Afghan Technical Consultants,private individual organisations,private
Afghanistan,NDD,no
Afghanistan ERF (until 2014),CBPF,no
Afghanistan Humanitarian Fund,CBPF,no
Aflac,private sector corporations,private
Africa Muslims Agency (Johannesburg),NGOs,no
Africa Self Help Assistance Programme,NGOs,no
Africa Solidarity Trust Fund,Other pooled,no
African Development Bank,Other multi,no
African Humanitarian Corps,NGOs,no
African Rainbow Minerals,private sector corporations,private
African Union,Other multi,no
Aga Khan Development Network,NGOs,no
Aga Khan Foundation,foundations,private
AGCO Agriculture Foundation,foundations,private
Age International,NGOs,no
Agence Française de Développement,DAC governments,no
Agency for Technical Cooperation and Development,NGOs,no
Agenzia Italiana Risposta Emergenze,NGOs,private
Agility,private sector corporations,private
Agility Logistics,private sector corporations,
AGIR Foundation,foundations,no
Aid Development Botswana,NGOs,no
AIG Disaster Relief Fund,private sector corporations,private
Air Products,private sector corporations,private
Air Serv International,NGOs,no
Airamid Health Management,private sector corporations,private
Airbnb,private sector corporations,
Airbus Foundation,foundations,private
AK Steel,private sector corporations,private
Akin Gump Strauss Hauer & Feld LLP,private sector corporations,private
Aktion Deutschland Hilft,NGOs,no
Al ghara Charity Organization-Jordan,NGOs,no
Al Gharraa Charity organization,,
Al Najat Charitable Society,NGOs,no
"Al-Aqsa Islamic Society, USA",private individual organisations,private
Albania,NDD,no
Albanian Red Cross,red cross,no
Alcoa Foundation,foundations,private
AlertNet,NGOs,no
Alexander Bodini Foundation,foundations,private
Algeria,NDD,no
Algerian Red Crescent,red cross,no
ALICORP,private sector corporations,private
Aliko Dangote's Foundation,foundations,private
Al-Imdaad Foundation,foundations,
Alinea Whitelum,private sector corporations,private
Al-Islah Association,other,no
Al-Khair Foundation,NGOs,no
Alliance 2015,,
Alliance 2015 (Consortium),NGOs,
Alliance for International Medical Action,private individual organisations,private
AllianceBernstein Holding L.P.,private sector corporations,private
Allianz Life Insurance Company of North America,private sector corporations,private
Allocation of unearmarked funds by MINUSMA,UN multi,no
Allocation of unearmarked funds by UNDEF,UN multi,no
Allstate Foundation,foundations,private
Alwaleed Foundation,foundations,private
America Continental 2000,private sector corporations,private
American Egg Board,private sector corporations,private
American Express Company,private sector corporations,private
American Friends of UNRWA,UN Multi,no
American Jewish World Service,NGOs,no
American National Committee for UNRWA,UN Multi,private
American Red Cross,red cross,no
American Refugee Committee,NGOs,no
American Refugee Committee (Alight),NGOs,
Americares,NGOs,no
"Ameriprise Financial, Inc.",private sector corporations,private
Amgen,private sector corporations,private
Amitie sans Frontieres,NGOs,no
AMREF Germany - GESUNDES AFRIKA,NGOs,no
AMURT International,NGOs,no
Andean Development Corporation,Other multi,no
Andorra,NDD,no
Andorran Red Cross,red cross,no
Angel Network,other,no
ANGLO AMERICAN PLC,private sector corporations,private
Angola,NDD,no
"Anheuser-Busch Companies, Inc.",private sector corporations,private
Annie E. Casey Foundation,foundations,private
Antigua and Barbuda,NDD,no
Aozora Foundation,NGOs,
AP Moller Maersk Group,private sector corporations,private
Arab Association for Human Rights,NGOs,no
Arab Authority for Agricultural Investment and Development,Other multi,no
Arab Fund for Economic and Social Development (AFESD),Other multi,no
Arab Gulf Programme for United Nations Development Organizations,UN Multi,no
Arab League,Other multi,no
Arab Medical Association,private individual organisations,private
Arab Medical Union,NGOs,no
Aramark,private sector corporations,private
Arbeiter-Samariter-Bund Deutschland e.V,NGOs,no
ArcelorMittal Foundation,foundations,private
Arcos Dorados B.V.,private sector corporations,private
"Area Staff Union, HQ/Amman",other,no
Argentina,NDD,no
Argentine Red Cross,red cross,no
Argos Cement Company,private sector corporations,private
"ARIGATOU FOUNDATION, JAPAN",foundations,private
Armenia,NDD,no
Armstrong,private sector corporations,private
Asia Pacific Permanent Representatives' Spouses Group,Other multi,no
Asian Development Bank,Other multi,no
Asian Disaster Reduction Center,Other multi,no
Assistência Médica Internacional (AMI),NGOs,private
Associated Banc-Corp,private individual organisations,private
Association for Aid and Relief Japan,NGOs,no
Association for People's Cooperation between South and North Korea,private individual organisations,private
Association Francaise de soutien a UNHCR,UN Multi,no
Association of Christian Resource Organizations Serving Sudan,NGOs,no
Association of Major Superious of Religious Women in Korea,private individual organisations,private
Association of Medical Doctors of Asia International,NGOs,no
Association of Southeast Asian Nations,Other multi,no
Association of South-North Kang-Won Province Cooperation,other,no
Association Solidarite Maroc Palestine,other,no
Associazione di Cooperazione allo Sviluppo,NGOs,no
Associazione Volontari per il Servizio Internazionale,NGOs,no
Astellas,private sector corporations,private
Astoria Federal Savings,private sector corporations,private
Astrid Lindgren Company,private sector corporations,private
ASYA SAR - KYM,NGOs,no
AT&T Foundation,foundations,private
ATICO Fakhreldin Group,private sector corporations,
Atlantic Philanthropies,foundations,private
Australia,DAC governments,no
Australia for UNHCR,UN Multi,no
Australian Aid,DAC governments,
Australian Aid International,NGOs,no
Australian Red Cross,red cross,no
Australian Relief Organisation,NGOs,
Austria,DAC governments,no
Austrian Red Cross,red cross,no
Avon,private sector corporations,private
AXA Group,private sector corporations,private
Ayuda en Acción,NGOs,no
Azerbaijan,NDD,no
B2Gold,private sector corporations,private
Baby Box Company,private sector corporations,private
Bacardi Limited,private sector corporations,private
Backus y Cervesur,private sector corporations,private
Baha'i International Community,NGOs,no
Bahamas,NDD,no
Bahamas Red Cross Society,red cross,no
Bahrain,NDD,no
Bahrain Red Crescent Society,red cross,no
Baitussalam Welfare Trust,NGOs,
Balad Organization,NGOs,no
Balcombe,other,no
Banco Centroamericano de Integración Económica,other multi ,
Banesco Bank Venezuela,private sector corporations,private
Bangladesh,NDD,no
Bangladesh Red Crescent Society,red cross,no
Bank of America Corporation,private sector corporations,private
Bank of Ireland,private sector corporations,private
Bank of Palestine,private sector corporations,private
Baptist World Aid,NGOs,no
Barbados,NDD,no
Barbados Red Cross Society,red cross,no
Barclay's Foundation,foundations,private
Base Net Organization,NGOs,no
BASF,private sector corporations,private
Baxter International Foundation,foundations,private
Bayer,private sector corporations,private
BCIE,private sector corporations,private
BD,other,no
Bechtel,private sector corporations,private
"Becton, Dickson and Company",private sector corporations,private
Belarus,NDD,no
Belarusian Red Cross,red cross,no
Belgian Red Cross,red cross,no
Belgium,DAC governments,no
Belize,NDD,no
Belize Red Cross Society,red cross,no
Benfica Foundation,foundations,private
Benin,NDD,no
Bernard van Leer Foundation,foundations,private
Bertelsmann AG,private sector corporations,private
Best Buy Children's Foundation,foundations,private
"Best Buy Co., Inc.",private sector corporations,private
Bhutan,NDD,no
BID,private sector corporations,private
Big Heart Foundation,foundations,private
BIJOU Trust,private individual organisations,private
Bilkent Holding,private sector corporations,private
Bill and Melinda Gates Foundation,foundations,private
Biomet Inc.,private sector corporations,private
"BlackRock, Inc.",private sector corporations,private
Bloomberg,private sector corporations,private
"Blue Cross and Blue Shield of Minnesota Foundation, Inc.",foundations,private
BLU-MED Response Systems,private sector corporations,private
BMO Financial Group,private individual organisations,private
BMW Group,private individual organisations,private
BNPP,private sector corporations,private
Boeing Company,private sector corporations,private
Bolivia,NDD,no
Bolivian Red Cross,red cross,no
Bolton Group,private sector corporations,private
Bosnia & Herzegovina,NDD,no
Boston Archiepiscopal Diocese,private individual organisations,private
Boston Foundation,foundations,private
Boston Foundation (Ansara Family Fund),foundations,private
Botswana,NDD,no
Botswana Red Cross Society,red cross,no
BP Foundation,foundations,private
BRAC,NGOs,no
Brazil,NDD,no
Brazilian Red Cross,red cross,no
Bridgestone Group,private sector corporations,private
Bristol-Myers Squibb,private sector corporations,private
British Airways,private sector corporations,private
British Council,NGOs,no
BRITISH ORG. FOR MEDICAL AND SCIENTIFIC ASSISTANCE,other,no
British Red Cross,red cross,no
British Virgin Islands,NDD,no
Brooke-Action for Working Horses & Donkeys,NGOs,no
Brother Industries Ltd.,private sector corporations,private
Brother's Brother Foundation,foundations,private
Brunei Darussalam,NDD,no
Build-A-Bear Workshop Foundation,foundations,private
Bulgaria,NDD,no
Bulgarian Red Cross,red cross,no
Bündnis Entwicklung Hilft,NGOs,no
Burger King,private sector corporations,private
Burkina Faso,NDD,no
Burma Austria Allianz,private sector corporations,private
Burton D. Morgan Foundation,foundations,private
Burundi,NDD,no
Burundi Red Cross,red cross,no
Business Roundtable,private sector corporations,private
Butterfly Onlus Foundation,foundations,private
Buuck Family Foundation,foundations,private
C & S Wholesale Grocers,private sector corporations,private
California Endowment,private sector corporations,private
Cambodia,NDD,no
Cambodian Red Cross,red cross,no
Cameroon,NDD,no
Campaña Colombiana Contra Minas,NGOs,
Campbell Soup CO,private sector corporations,private
CAN FOUNDATION,Other,no
Canada,DAC governments,no
Canada Safeway Foundation,foundations,private
Canadian Catholic Organization for Development and Peace (Caritas Canada),NGOs,no
Canadian Coalition,NGOs,no
Canadian Development and Peace,NGOs,no
Canadian Development and Peace (Caritas Canada),NGOs,private
Canadian Food Grains Bank,NGOs,no
Canadian Imperial Bank of Commerce,private sector corporations,private
Canadian Red Cross Society,red cross,no
CanDO Transforming Humanitarian Action,foundations,private
Canon Group,private sector corporations,private
"Cardinal Health, Inc.",private sector corporations,private
CARE Australia,NGOs,no
CARE Canada,NGOs,no
Care Germany,NGOs,no
CARE International,NGOs,no
CARE International Switzerland in Sudan,NGOs,no
CARE Luxembourg,NGOs,no
CARE Nepal,NGOs,no
CARE Netherlands,NGOs,no
CARE Somalia,NGOs,no
CARE USA,NGOs,no
CareFusion Corporation,NGOs,no
CareSource Foundation,foundations,private
Carestream Health,private sector corporations,private
CARE-UK,NGOs,no
Cargill,private sector corporations,private
Caribbean Development Bank,Other multi,no
CARITAS,NGOs,no
CARITAS / Catholic Relief Services,NGOs,no
Caritas Australia,NGOs,no
Caritas Austria,NGOs,no
Caritas Czech Republic,NGOs,no
Caritas Germany (DCV),NGOs,no
Caritas Hong kong,NGOs,no
Caritas Hungary,NGOs,no
Caritas India,NGOs,no
CARITAS INTERNATIONALIS,NGOs,no
Caritas Italy,NGOs,no
Caritas Japan,NGOs,no
Caritas Korea,NGOs,no
Caritas Manila,NGOs,no
Caritas New Zealand,NGOs,no
Caritas Norway,NGOs,no
Caritas Peru,NGOs,no
Caritas Spain,NGOs,no
Caritas Switzerland,NGOs,no
Caritas/MCC,NGOs,no
Carlson Wagonlit Travel Beheermaatschappij,private sector corporations,private
Carnegie Corporation of New York,foundations,private
Carnival Corporations,private sector corporations,private
"Caterpillar, Inc.",private sector corporations,private
Catholic Agency for Overseas Development,NGOs,no
Catholic Agency for Overseas Development | Trocaire,NGOs,no
"Catholic Church, Germany",private individual organisations,private
Catholic Diocese of Erie,private individual organisations,private
Catholic Mission,private individual organisations,private
Catholic Organisation for Relief and Development Aid,NGOs,no
Catholic Priest Association for Justice,private individual organisations,private
Catholic Relief Services,NGOs,no
CE & S,other,no
Center for Victims of Torture,NGOs,no
Centers for Disease Control,DAC governments,no
Centers for Disease Control and Prevention,DAC governments,no
Central African Republic,NDD,no
Central African Republic Humanitarian Fund,CBPF,no
"Central Asian Free Exchange, USA",NGOs,no
Central Emergency Response Fund,CERF,no
Central Minnesota Community Foundation,foundations,private
Centre for Humanitarian Dialogue,academia/think/research,no
"Cera Products, Inc",private sector corporations,private
Chad,NDD,no
Chadbourne & Parke LLP,private sector corporations,private
Chaine du Bonheur,NGOs,no
Charles Schwab Foundation,foundations,private
Chemonics International Inc.,private sector corporations,private
Chevron Corporation,private sector corporations,private
Chevron Texaco,private sector corporations,private
Child Fund,NGOs,private
ChildFund International,NGOs,no
ChildFund Korea,NGOs,no
Children International,NGOs,no
Children of Peru Foundation (New York),foundations,private
Children on the Edge,NGOs,no
Children's Home Society of Minnesota,NGOs,no
Children's Investment Fund Foundation,foundations,private
Chile,NDD,no
Chilean Red Cross,red cross,no
China,NDD,no
Chinese Community in Peru,other,no
Christelijke Gereformeerde Kerken   (Christian Reform Churches),Other,private
Christian Children's Fund,NGOs,no
Christian Friends of Korea,NGOs,no
Chrysler Foundation,foundations,private
Chubb Corporation,private sector corporations,private
"Chung Te Buddhist Association of NY, Inc.",private sector corporations,private
Church of Jesus Christ (Johannesburg),private individual organisations,private
Church Women Solidarity for Supporting North Korea Children,private individual organisations,private
Cigna Foundation,foundations,private
Cisco Foundation,foundations,private
Citi,private sector corporations,private
Citigroup,private sector corporations,private
Civil Society Facility,EC,no
Civil Society Initiative,NGOs,no
Cleveland Foundation,foundations,private
Clinton Foundation,foundations,private
Clinton Health Access Initiative,NGOs,no
Coach,other,no
Coastal Community Foundation of South Carolina,foundations,private
Coca-Cola Company,private sector corporations,private
Coca-Cola Foundation,private sector corporations,private
COFRA,foundations,private
Cogeco Cable,private sector corporations,private
Cognizant,private sector corporations,private
Coin Co. International,private sector corporations,private
Colombia,NDD,no
Colombia Humanitarian Fund,CBPF,no
Colombia Post-Conflict UN MPTF,UN Multi,no
Colombian Red Cross Society,red cross,no
Comcast Corp,private sector corporations,private
Comité Interministériel de l'Aide Alimentaire,DAC governments,
Communicating with Disaster Affected Communities,NGOs,no
Community Action Water Programme,NGOs,no
Community Chest Korea,NGOs,no
Community Foundation for Southern Arizona,foundations,private
Community Peace Fund,other,no
Community Research and Development Organization,other,no
ConAgra Foods,private sector corporations,private
Concern India,NGOs,no
Concern Worldwide,NGOs,no
"Congo, Democratic Republic of",NDD,no
"Congo, Democratic Republic of the ERF (until 2013)",CBPF,no
"Congo, Republic of",NDD,no
Connacionales del Extranjero,other,no
ConocoPhillips,private sector corporations,private
Conrad N. Hilton Foundation,foundations,private
"Consortium for Southern Africa Food Security Emergency (World Vision, CARE, CRS, & ADRA)",NGOs,no
Consortium of British Humanitarian Agencies,NGOs,no
ConvaTec,private sector corporations,private
Convoy of Hope,NGOs,no
Cook Islands,NDD,no
Cook Islands Red Cross Society,red cross,no
Cooperation Andina de Fomento,Other multi,no
Cooperazione Internazionale - COOPI,NGOs,no
Co-ordinating Council Geneva,UN Multi,no
CORDAID International,NGOs,no
Corporacion andina de fomento,Other multi,no
Corus International,NGOs,
Costa Rica,NDD,no
Costa Rican Red Cross,red cross,no
Cote d'Ivoire,NDD,no
Council of Europe Development Bank,Other multi,no
Council of Governors - Rotary Korea,other,no
Counterpart International,NGOs,no
COVID-19 Humanitarian Thematic Fund,Other pooled,no
Crawford & Company,private sector corporations,private
Credit Agricole,private sector corporations,private
Credit Suisse,private sector corporations,private
Croatia,NDD,no
Croatian Red Cross,red cross,no
"Crocs, Inc.",private sector corporations,private
Crown Agents,NGOs,no
CRS and Private Foundations,other,no
Cuba,NDD,no
Cumberland Pharmaceuticals Inc,private sector corporations,private
Cummins Foundation,foundations,private
"CVS Caremark Charitable Trust, Inc.",foundations,private
Cyprus,NDD,no
Cyprus Red Cross,red cross,no
Czech Red Cross,red cross,no
Czech Republic,DAC governments,no
D. Stiftung furn UNO-Fluchtlingshilfe E.V.,NGOs,no
Daewoo,private sector corporations,private
Daiichi Sankyo,private sector corporations,private
"Daiki, Inc.",private sector corporations,private
Daimler,private sector corporations,private
Danish Committee for Aid to Afghan Refugees,NGOs,no
Danish Emergency Relief Fund,DAC governments,no
Danish Red Cross,red cross,no
Danish Refugee Council,NGOs,no
Dannon,private sector corporations,private
Darden Restaurants,private sector corporations,private
Darfur Community Peace and Stability Fund,,
Darfur Peace and Stability Fund,Other pooled,no
Dark & Light Foundation,foundations,private
Daystar Christian Centre,academia/think/research,no
DCH Auto Group,private sector corporations,private
DELL,private sector corporations,private
Deloitte and Touche,private sector corporations,private
Delta Development Program,private individual organisations,private
Democratic Republic of the Congo Humanitarian Fund,CBPF,no
Deniz Feneri Association,NGOs,no
Deniz Feneri Yardimlasma ve Dayanisma Dernegi,other,no
Denmark,DAC governments,no
DentaQuest,private sector corporations,private
Desjardins,private sector corporations,private
Deutsche Bank AG,private sector corporations,private
Deutsche Gesellschaft für Internationale Zusammenarbeit,private sector corporations,private
Deutsche Lepra- und Tuberkulosehilfe e.V,NGOs,no
Deutsche Stiftung,foundations,private
Deutsche Telekom,private sector corporations,private
Deutsche Welthungerhilfe e.V. (German Agro Action),NGOs,no
Development and Peace,NGOs,no
Dewey & LeBoeuf LLP,private sector corporations,private
DHL International,private sector corporations,private
Diakonia World Federation,NGOs,no
Diana Tamari Sabbagh Foundation,foundations,private
Die Uno-Flüchtlingshilfe Stiftung,,
Digicel Aruba,private sector corporations,private
Digicel Foundation,foundations,private
Digicel Group,private sector corporations,private
Diocese of Rumbek,private individual organisations,private
DIOTIMA Centre of research on Women's Issues,academia/think/research,no
Direct Relief,NGOs,no
Disaster Emergency Committee Coronavirus Appeal,other pooled,no
Disaster Prevention and Preparedness Commission Ethiopia,NDD,no
Disaster Resource Network,NGOs,no
Disasters Emergency Committee (UK),NGOs,private
Disasters Emergency Committee Cyclone Idai,foundations,private
Discovery Rise,foundations,
Djibouti,NDD,no
Djibouti Red Crescent Society,Red Cross,no
DJO Incorporated,other,no
DOB Foundation,private sector corporations,private
Doctors of the World Turkey ( Dünya DoktorlarÄ± DerneÄŸi ),NGOs,no
Doctors Worldwide,NGOs,no
Doha Bank,private sector corporations,private
Dollar General Corporation,private sector corporations,private
Dominica,NDD,no
Dominican Republic,NDD,no
Don Bosco Mondo Prokur,NGOs,no
Dorcas Aid International,NGOs,no
Dow Chemical Corporation,private sector corporations,private
Dr Pepper Snapple Group,private sector corporations,private
"Dr. Fresh, Inc",private sector corporations,private
Dubai Cares,NGOs,
Dubai Cares (UAE),NGOs,no
Dun & Bradstreet,private sector corporations,private
Dunkin Brands,private sector corporations,private
DuPont,private sector corporations,private
Dutch Postcode Lottery,other,no
Dutch Relief Alliance,NGOs,no
DWF,other,no
DWF Foundation,foundations,
DynCorp,private sector corporations,private
Earthquake Relief Fund for Orphans,NGOs,no
East African Community,Other multi,
East African Community Services,NGOs,no
East Bay Community Foundation,foundations,private
Eastman Kodak Charitable Trust,private sector corporations,private
Eaton Corp,private sector corporations,private
Eaux de Marseille (Société des),private sector corporations,private
eBay Foundation,foundations,private
Ebola Response Multi-Partner Trust Fund,Other pooled,no
ECHO DFID contribution,DAC governments,no
EcoBank,private sector corporations,private
Ecolab Inc.,private sector corporations,private
Economic Community of West African States,Other multi,no
Ecuador,NDD,no
Ecuadorian Red Cross,red cross,no
Education Above All Foundation,foundations,private
Education Cannot Wait Fund,Other pooled,no
Education Cannot Wait Fund | Save the Children | Windle Trust International,Other,
Egypt,NDD,no
Egyptian Red Crescent Society,red cross,no
Eisai Co. Ltd.,private sector corporations,private
El Salvador,NDD,no
Electric Aid,foundations,private
Electricite de France,private sector corporations,private
Elena Trevisanato Onlus Foundation,foundations,private
Eli Lilly,Other,private
ELMA Relief Foundation,foundations,private
ELRHA,NGOs,
EMC Corporation,private sector corporations,private
Empress Shoken Fund,private individual organisations,private
ENDESA Group,private individual organisations,private
EO Metterdaad,private individual organisations,private
Episcopal Church of Sudan (part of the Anglican Communion),NGOs,no
"Episcopal Conference, Peru",academia/think/research,no
EPRO,other,no
Equate Petrochemical,private sector corporations,private
Equatorial Guinea,NDD,no
EQUINOR,private sector corporations,private
Ericsson,private sector corporations,private
Eritrea,NDD,no
Espana con ACNUR,UN Multi,no
Estonia,NDD,no
Estonia Red Cross,red cross,no
Ethiopia,NDD,no
Ethiopia Humanitarian Fund,CBPF,no
Ethiopian Red Cross Society,red cross,no
EU Regional Trust Fund in Response to the Syrian Crisis (Madad Fund),EC,no
Eugene Bell Foundation,foundations,private
European Children's Trust,NGOs,no
European Commission,EC,no
European Commission - EU Facility for Refugees in Turkey,EC,no
European Commission Civil Protection Mechanism,EC,no
European Commission DG1,EC,
European Commission Directorate General for Development,EC,no
European Commission Directorate-General External Relations,EC,no
European Commission Directorate-General for International Partnerships (formerly EuropeAid DEVCO),EC,
European Commission EuropeAid Development and Cooperation,EC,no
European Commission Rapid Reaction Mechanism,EC,no
European Commission's Humanitarian Aid and Civil Protection Department,EC,no
European Investment Bank,Other multi,no
European Union Trust Fund Bêkou for the Central African Republic,private sector corporations,
European Union trust fund Bekou in CAR,EC,no
Evangelical Development Programme,private individual organisations,private
Evangelical Fellowship of India Commission on Relief,private individual organisations,private
Evangelical Lutheran Church in America,other,no
Evangelical youth organization in Württemberg,private individual organisations,private
Exactmobile (South Africa),private sector corporations,private
Expertise France,DAC governments,no
ExxonMobil,private sector corporations,private
EZINGO Central African Republic Multi-Partner Trust Fund,Other pooled,no
"F. M. Kirby Foundation, Inc.",foundations,private
Facebook,private sector corporations,private
Faeroe Islands,NDD,no
Family Charitable Organisation,private individual organisations,private
Family for Every Child - European Children's Trust,NGOs,
Famine Relief Fund,other pooled,
Farmers Insurance,private sector corporations,private
Federation Internationale de Football Association (FIFA),foundations,private
FedEx,private sector corporations,private
Feed the Hungry,NGOs,no
Ferrovial,private sector corporations,
Field Ready,NGOs,no
Fiji,NDD,no
Fiji Red Cross Society,red cross,no
FIJIWater,private sector corporations,private
Finland,DAC governments,no
Finnish Red Cross,red cross,no
Firemen without Borders,NGOs,no
First Moscow Gymnasium,academia/think/research,no
First National Bank of Namibia,private sector corporations,private
Flanders Cooperation,other,no
Floridon Foundation,foundations,private
Flowserve,private sector corporations,private
FOCUS Humanitarian Aid,NGOs,no
FOCUS International,NGOs,no
Fondation Assistance Internationale,foundations,private
Fondation Caritas Luxembourg,NGOs,no
Fondation Chanel,foundations,private
Fondation de France,foundations,private
Fondation de l'Ordre de Malte pour le Liban,NGOs,no
Fondation Femmes plus,NGOs,no
Fondation Internationale Carrefour,foundations,private
Fondation Mahmoud Shakarchi Pour Oeuvres Et Bienfaisance,foundations,
Fondation Suisse pour le Déminage,NGOs,no
Fondazione Un Raggio di Luce,NGOs,no
Fonds Social de la République Démocratique du Congo,NGOs,no
Fonto de  Vivo,private sector corporations,
Food & Agriculture Organization of the United Nations,UN Multi,no
Food for the Hungry,NGOs,no
Food for the Hungry International,NGOs,no
Food for the Poor,NGOs,no
Ford Foundation,foundations,private
Forest for Peace,NGOs,no
Foresters,private individual organisations,private
Foundation for Co-existence,foundations,private
Foundation for HR and Freedoms and Humanitarian Relief,NGOs,no
Foundation for Innovative New Diagnostics,NGOs,
Foundation Vida Peru,foundations,private
Foundation-NL,foundations,private
FPL Group Foundation,foundations,private
France,DAC governments,no
Frantz Hoffman Foundation,foundations,private
Freeport-McMoRan Copper & Gold Inc,private sector corporations,private
French Polynesia,NDD,no
French Red Cross,red cross,no
"Friends of  UNRWA Association, USA",UN Multi,private
Friends of Love,NGOs,no
Friends of UNFPA,NGOs,no
Frontiers Ruwad Association,NGOs,no
"Frontiers, Ruwad Association",private individual organisations,private
Fuel Relief Fund,NGOs,no
FUJIFILM Holdings Corporation,private sector corporations,private
Fundación Emilio Moro,foundations,
Fundación Entreculturas - Fe y Alegrí­a,NGOs,no
FUNDACION LA CAIXA (FLC),foundations,private
Fundación MAPFRE,foundations,
Fundacion Paz - Holandesa,foundations,private
Fundación VINCI,foundations,
Gabon,NDD,no
Gaddafi International Charity and Development Foundation (GICDF),NGOs,no
Gamarra's Merchant Commission,private sector corporations,private
Gambia,NDD,no
Gap Inc.,private sector corporations,private
GAVI Alliance,other,no
GE Foundation,foundations,private
GEA Society,private individual organisations,private
General Electric,private sector corporations,private
General Mills Foundation,foundations,private
General Motors Foundation,foundations,private
General Secretariat of Awkaf,other,no
GenNX360,private sector corporations,private
Georgia,NDD,no
Gerdau Ameristeel,private sector corporations,private
German Red Cross,red cross,no
Germany,DAC governments,no
Ghana,NDD,no
Ghiras Alnahda Organization,NGOs,no
Giant Food Stores,private sector corporations,private
"Gibson, Dunn & Crutcher",private sector corporations,private
"Gift of the Givers Foundation (Pietermaritzburg, RSA)",foundations,private
Gilead Sciences Inc,private sector corporations,private
Girls are a Treasure Network,NGOs,no
GIRO 555,foundations,no
GlaxoSmithKline,private sector corporations,private
Global Center on Cooperative Security,NGOs,no
Global Charity Association for Development,NGOs,private
Global Children Foundation,foundations,private
Global Communities,NGOs,no
Global Food Crisis Fund,other,no
"Global Fund to Fight AIDS, Tuberculosis and Malaria",Other pooled,no
Global Partners,other,no
Global Partnership for Education,foundations,private
Global Thematic Partners,private individual organisations,private
GlobalGiving,NGOs,no
GlobalMedic,NGOs,no
GMC Services,private sector corporations,private
Go Daddy,private sector corporations,private
GOAL,NGOs,no
Gobi Regional Economic Growth Initiative,NGOs,no
Goddard Enterprises Limited,private sector corporations,private
Golden Heart Fund,other,no
Goldman Sachs Group,private sector corporations,private
Good Neighbors Inc,,
Good Neighbours Inc,NGOs,no
Goodrich Corporation,private sector corporations,private
Google,private sector corporations,private
"Goya Foods, Inc.",private sector corporations,private
Grand Challenges Canada,foundations,private
Grand Circle Foundation,foundations,private
Grass Technologies,private sector corporations,private
Great Family Organization,private individual organisations,private
Great Lakes Initiative Project HIV/AIDS,Other multi,no
Greece,DAC governments,no
"Greek Orthodox Ladies Philoptochos Society, Inc.",NGOs,no
Green Hope,NGOs,no
Grenada,NDD,no
Grupo de Apoio Á  Criança (GAC),NGOs,no
Grupo de Apoio í  Criança (GAC),NGOs,no
Gruppo Volontariato Civile,NGOs,no
Gruppo Volontariato Civile (until 2018),NGOs,
Guatemala,NDD,no
"Guatemala General Council in Miami, Florida",NDD,no
Gulf Coast Community Foundation of Venice,foundations,private
Guyana,NDD,no
Guyana Red Cross Society,red cross,no
H&M Foundation,foundations,
Habitat for Humanity International,NGOs,no
Haiti,NDD,no
Haiti Humanitarian Fund,CBPF,no
HALO Trust,NGOs,no
Hand for Aid and Development,NGOs,private
"Hand in Hand Appeal, Syria",NGOs,no
Handicap International / Humanity & Inclusion,NGOs,no
Hands Up Foundation,foundations,private
Hanesbrands,private sector corporations,private
Harambee Foundation,NGOs,
Harland Clarke Holdings,private sector corporations,private
HARRODS GROUP,private sector corporations,private
Hartford Financial Services Group,private sector corporations,private
Hasene International e.V,NGOs,
Have It Your Way Foundation,foundations,private
HEALTH AND WATER FOUNDATION,NGOs,no
Health Partners International Canada,NGOs,no
Healthworkers Community,other,no
H-E-B,private sector corporations,private
H-E-B Grocery Company,private sector corporations,private
Heinrich Böll Foundation,foundations,private
HEKS - Hilfswerk der Evangelischen Kirchen Schweiz,NGOs,no
Hellenic Red Cross,red cross,no
Help - Hilfe zur Selbsthilfe e.V.,NGOS,
Help for school,NGOs,no
Help Refugees,NGOs,no
Help Syria through the Winter Foundation,foundations,private
Helping Hand for Relief and Development,NGOs,no
HEMCO,private sector corporations,private
HEMCO Corporation,private sector corporations,private
Henry Schein Inc.,private sector corporations,private
Hess Corporation,private sector corporations,private
Hewlett-Packard Company Foundation,foundations,private
Hilfswerk International,NGOs,private
Hilina Enriched Food Processing Center PLC,private sector corporations,private
Hillman Family Foundations,foundations,private
Hilti Foundation,foundations,private
Hilton Foundation,foundations,private
Hilton Worldwide,private sector corporations,private
"Hitachi America, Ltd.",private sector corporations,private
HIVOS,NGOs,no
HNA Group,private sector corporations,private
Hoffnungszeichen - Sign of Hope e.V,NGOs,private
Holy See,NDD,no
Home Depot Foundation,foundations,private
Honda,private sector corporations,private
Honduran Red Cross,red cross,no
Honduras,NDD,no
Honeywell,private sector corporations,private
Hong Kong Special Administrative Region of the People's Republic of China,NDD,no
Hope International Development Agency,NGOs,no
Horizon Foundation for New Jersey,foundations,private
Hospital Corporation of America,private sector corporations,private
HSBC,private sector corporations,private
HSBC Bank Middle East Limited,private sector corporations,private
Hudson's Bay Company,private sector corporations,private
Human Appeal International (UAE),NGOs,no
Human Appeal UK,NGOs,
Human Care International,NGOs,no
Human Concern International,NGOs,no
Human Rights and Humanitarian Assistance Foundation,foundations,private
Humana Foundation,foundations,private
Humanitarian Grand Challenge,Other multi,no
Humanitarian Innovation Fund,Other pooled,no
Humanitarian Relief Society,NGOs,no
Humanity & Inclusion - Handicap International,,no
Humanity First USA,NGOs,no
Humanity United,foundations,private
Hungarian Baptist  Aid Organisation,NGOs,no
Hungarian Malteser Charity Service,NGOs,no
Hungarian Red Cross,red cross,no
Hungary,DAC governments,no
Hydration Technology Innovations,private sector corporations,private
Hyundai Motor Company,private sector corporations,private
Hy-Vee Inc.,private sector corporations,private
"Ibero-American States Organization for Education, Science & Culture",NGOs,no
IBM,private sector corporations,private
IBN SINA,private sector corporations,private
Iceland,DAC governments,no
Icelandic Red Cross,red cross,no
ICI Pakistan,private sector corporations,private
IDeA Foundation,foundations,private
IDRC,academia/think/research,no
IFRC Disaster Relief Emergency Fund,red cross,no
IGAD Partnership Forum,other,no
IKEA Foundation,foundations,private
iMMAP,,
Impact Foundation,foundations,private
IMPACT Initiatives,academia/think/research,no
Imperial College,academia/think/research,no
Inasmuch Foundation,foundations,private
India,NDD,no
Indonesia,NDD,no
Indonesia ERF (until 2014),CBPF,no
Indonesian Farmers Funds,UN Multi,no
INDONESIA-PALESTINE FRIENDSHIP INITIATIVE,other,no
Infineon Technologies,private sector corporations,private
ING Group Disaster Relief Fund,private sector corporations,private
Initiative for Development and Empowerment Axis,private individual organisations,private
Innovation Norway,DAC governments,no
Instituto per la Cooperazione Universitaria Onlus,NGOs,no
Integra LifeSciences Holdings Corporation,private sector corporations,private
Intel,private sector corporations,private
Inter Américain de Coopération Agricole,Other multi,no
Inter-American Development Bank,Other multi,no
Interchurch Medical Assistance World Health,NGOs,no
Intergov Authority on Development,Other multi,no
Intergovernmental  Authority on Development,Other multi,no
Intergovernmental Authority on Development,Other multi,no
International Air Transport Association,private sector corporations,private
International Assistance Mission,NGOs,no
International Bank for Reconstruction & Development (World Bank),UN Multi,no
International Catholic Migration Commission,NGOs,no
International Committee of the Red Cross,red cross,no
International Corn Foundation,foundations,private
International Criminal Court,Other multi,no
International Criminal Police Organization - INTERPOL,Other multi,no
International Development and Relief Foundation,NGOs,no
International Development Association,Other multi,no
International Federation of Red Cross and Red Crescent Societies,red cross,no
International Fund for Agricultural Development,UN Multi,no
International Fund for Animal Welfare,NGOs,private
International Humanitarian City,Other,private
International Islamic Charitable Organization,NGOs,no
International Islamic Charity Organization,NGOs,no
International Islamic Relief Organization,NGOs,no
International Labour Organization,UN Multi,no
International Maritime Organization,UN Multi,no
International Medical Corps,NGOs,no
International NGO Safety Organisation,NGOs,no
International Olympic Committee,Other multi,no
International Organization for Migration,Other multi,no
International Orthodox Christian Charities,NGOs,no
International Paper,private sector corporations,private
International Programme for the Development of Communication,UN Multi,no
International Relief and Development,NGOs,no
International Relief Solutions LLC,private sector corporations,private
International Relief Teams,NGOs,no
International Rescue Committee,NGOs,no
International Resources Group,private sector corporations,private
International Telecommunications Union,UN Multi,no
International Youth Foundation,foundations,private
Internews,NGOs,no
"INTERPAL, UK",NGOs,no
INTERSOS Humanitarian Aid Organization,NGOs,no
"INTERVIDA FOUNDATION, SPAIN",foundations,private
Intl Humanitarian Org World View,NGOs,no
IOM Development Fund,foundations,private
IRA Fund,other,no
Iran,NDD,no
Iraq,NDD,no
Iraq Humanitarian Fund,CBPF,no
Iraq Trust Fund (OCHA),UN Multi,no
Ireland,DAC governments,no
Irish Red Cross Society,red cross,no
Islamic Centre of Tucson,academia/think/research,no
Islamic Charity Association,NGOs,no
Islamic Development Bank,Other multi,no
Islamic Edu. Scien. Cultural Org.,Other multi,no
ISLAMIC HERITAGE SOCIETY,other,no
Islamic Relief Worldwide,NGOs,no
ISLAMIC SHURA COUNCIL OF MICHIGAN,private individual organisations,private
Isle of Man,NDD,no
Israel,NDD,no
Italian Agency for Development Cooperation,DAC governments,no
Italian National Committee for UNRWA,UN Multi,private
Italian Red Cross,red cross,no
Italy,DAC governments,no
ITT Corporation,private sector corporations,private
J. Smith Lanier & Co.,private sector corporations,private
J. Willard and Alice S. Marriott Foundation,foundations,private
Jamaica,NDD,no
Jamaica Red Cross,red cross,no
Japan,DAC governments,no
Japan Association for UNHCR,UN Multi,no
Japan Association for WFP,UN Multi,no
Japan Committee for Refugee Relief,NGOs,no
Japan International Cooperation Agency,DAC governments,no
Japan Platform,other,no
Japanese Kindergarten Association,other,no
Japanese Red Cross Society,red cross,no
JC Penny,private sector corporations,private
JCB,private sector corporations,private
Jefferies Group Inc,private sector corporations,private
Jersey Overseas Aid,other,no
Johanniter Unfallhilfe e.V.,NGOs,no
John D. and Catherine T. MacArthur Foundation,foundations,private
John S. and James L. Knight Foundation,foundations,private
Johnson & Johnson,private sector corporations,private
"Joint Development Associates, USA",NGOs,no
Jolie-Pitt Foundation,foundations,private
Jones Lang LaSalle,private sector corporations,private
Jordan,NDD,no
Jordan Hashemite Charity Organization,NGOs,no
Jordan Humanitarian Fund,CBPF,no
Jordan Insurance Federation,private sector corporations,
Jordan National Red Crescent Society,red cross,no
JORDAN RIVER FOUNDATION,NGOs,no
Jordanian River Society,foundations,private
JP Morgan Chase,private sector corporations,private
JT International Foundation,foundations,private
JTS-Korea,private sector corporations,private
Juffali Foundation,foundations,private
Juhaina for Industries,private sector corporations,private
Jungbu Annual Conference of the KMC,other,no
KADECO,NGOs,no
Kaiser Permanente,private sector corporations,private
Kazakhstan,NDD,no
KCI,private sector corporations,private
Kellogg Corporation,private sector corporations,private
Kenya,NDD,no
Kenya ERF (until 2014),CBPF,no
Kenyan Red Cross Society,red cross,no
KFW Development,DAC governments,no
Khalifa Bin Zayed Al Nahyan Foundation,foundations,private
Khazanah Nasional,NDD,no
Khoo Teck Puat Foundation,foundations,private
Kids in Distressed Situations,private individual organisations,private
Kim Seung-Jung,private individual organisations,private
Kimse Yok Mu Solidarity Foundation,foundations,private
KINDER USA,NGOs,no
"Kinetic Concepts, Inc.",private sector corporations,private
King Abdullah Foundation,foundations,no
King Baudouin Foundation.,foundations,private
King Salman Humanitarian Aid and Relief Center,foundations,private
Kingdom Foundation,foundations,private
Kings College London,academia/think/research,
Kinross,private sector corporations,private
Kirkland & Ellis LLP,private sector corporations,private
Kleenheat Gas,private sector corporations,private
Kohl's Department Stores,private sector corporations,private
Korea Buddhist Order Association,NGOs,no
Korea Campus Crusade for Christ,NGOs,no
Korea Food for the Hungry International,NGOs,no
"Korea, Democratic People's Republic of",NDD,no
"Korea, Republic of",DAC governments,no
Korean Broadcast Company,private sector corporations,private
Korean Church Federation of Support for North Korea,private individual organisations,private
Korean Farmers' Association,NGOs,no
Korean Foundation for International Healthcare,NGOs,no
"Korean Reconciliation Committee, Archdiocese of Korea",other,no
Korean Sharing Movement,NGOs,no
Korean Welfare Foundation,foundations,private
Korean-American Association,private individual organisations,private
Kraft Foods Foundation,foundations,private
Kresge Foundation,foundations,private
Kroger Co. Foundation,foundations,private
Kubota Corporation,private sector corporations,private
Kulczyk Foundation,foundations,private
Kuwait,NDD,no
Kuwait Awqaf General Secretariat,NDD,no
Kuwait Foundation for the Advancement of Science,foundations,private
Kuwait Fund for Arab Economic Development,NDD,no
Kuwait Joint Relief Committee,private individual organisations,private
Kuwait Patients Helping Fund,NGOs,no
Kuwait Red Crescent Society,red cross,no
Kuwait Zakat House,NDD,no
Kuwaiti Social Reform Society,private individual organisations,private
Kuwaiti Society for Relief,Red Cross,no
Kyrgyzstan,NDD,no
la Conférence des ministres de la Jeunesse et des Sports de la Francophonie (CONFEJES).,NGOs,
Lance Armstrong Foundation,foundations,private
Land O' Lakes Venture37,NGOs,private
Land O'Lakes,private sector corporations,private
Lao (People's Democratic Republic),NDD,no
Latin American Benevolent Foundation,foundations,private
Latter-Day Saint Charities,private individual organisations,private
Latvia,NDD,no
Latvian Red Cross,red cross,no
League of Arab States,NDD,no
Lebanese Red Cross,red cross,no
Lebanon,NDD,no
Lebanon Humanitarian Fund,CBPF,no
Legatum Foundation,foundations,private
LEGO Foundation,foundations,private
Leonardo DiCaprio Foundation,foundations,private
Leopold Bachmann Foundation,foundations,private
Les Amis du Liban,private individual organisations,private
Lesotho,NDD,no
Levi Strauss Foundation,foundations,private
Liberia,NDD,no
Liberia Petroleum Company,private sector corporations,private
Libya,NDD,no
Libya Red Crescent,red cross,no
Liechtenstein,NDD,no
Liechtenstein Red Cross,red cross,no
Life for Relief and Development,NGOs,no
Liggett Vector Brands Inc.,private sector corporations,private
Light for the World,NGOs,no
Light Force International,NGOs,no
Lighthouse Association,NGOs,no
Lihir Gold Limited,private sector corporations,private
Lima Airport Partners,private sector corporations,private
Limited Brands,private sector corporations,private
Lindner Foundation Uganda,foundations,private
Linkage Trust,NGOs,no
Lion Aid,NGOs,no
Lions Clubs International Foundation,foundations,private
Lipsey Water,private sector corporations,private
Lisa and Douglas Goldman Fund,foundations,private
Lithuania,NDD,no
Lithuanian Red Cross Society,red cross,no
Livelihoods and Food Security Trust Fund,UN Multi,no
Lloyd A. Fry Foundation,foundations,private
Lockheed Martin,private sector corporations,private
Louis Vutton,private sector corporations,private
Lowe's Companies Inc.,private sector corporations,private
Lubrizol,private sector corporations,private
Luchetti,private sector corporations,private
Lupin,private sector corporations,private
Luxembourg,DAC governments,no
Luxembourg Red Cross,red cross,no
M. J. Murdock Charitable Trust,other,no
M.A.C. AIDS Fund,other,no
"Macedonia, Former Yugoslav Republic of",NDD,no
Madad Organization,EC,private
Madagascar,NDD,no
Mahvash and Jahangir Siddiqui Foundation,NGOs,no
Malawi,NDD,no
Malawi Red Cross Society,red cross,no
Malawi SDG Acceleration Fund,UN Multi,no
Malaysia,NDD,no
Malaysia Red Crescent Society,red cross,no
Maldives,NDD,no
Mali,NDD,no
Malta,NDD,no
Malta Red Cross Society,red cross,no
Malteser International Order of Malta World Relief,Other,no
Management Sciences for Health,NGOs,no
Management Systems International,private sector corporations,
Manos Unidas,NGOs,no
Manulife Financial Corporation,private sector corporations,private
Mary's Meals,NGOs,no
Massachusetts Mutual Life Insurance Company,private sector corporations,private
MassMutual Financial Group,private sector corporations,private
Mastercard Foundation,foundations,private
Mattel,private sector corporations,private
Mauritania,NDD,no
Mauritius,NDD,no
Mauritius Red Cross Society,red cross,no
Maxim G Rochester and Leighton McKnight,private sector corporations,private
MAXIMUS,private sector corporations,private
Mayer Brown,private sector corporations,private
McAfee,private sector corporations,private
McDonald's Corporation,private sector corporations,private
McGregor Fund,foundations,private
McKesson Corporation,private sector corporations,private
MEDAIR,NGOs,no
Médecins du Monde,NGOs,no
Médecins du Monde Belgium,NGOs,
Médecins du Monde France,NGOs,no
Médecins sans Frontières,NGOs,no
Médecins sans Frontières - Belgium,NGOs,private
Médecins sans Frontières - Netherlands,NGOs,private
Médecins sans Frontières - Switzerland,NGOs,private
Medical Aid for Palestinians,NGOs,no
Medical Aids for Children of DPRK,other,no
Medical Assistance Programs International,NGOs,no
Medical Emergency Relief International,NGOs,no
Medical Teams International,NGOs,no
Medico International,NGOs,no
Medicor Foundation,foundations,private
Médicos del Mundo Spain,NGOs,no
Medilor,NGOs,no
Medtronic Foundation,foundations,private
Mekka Association,NGOs,no
Menasha Corporation,private sector corporations,private
Mennonite Central Committee,NGOs,no
Merck & Co. Inc.,private sector corporations,private
Mercury International,private sector corporations,private
Mercy Corps,NGOs,no
Mercy Corps Scotland,NGOs,no
Mercy Malaysia,NGOs,no
"Mercy Relief, Singapore",NGOs,no
Mercy-USA for Aid and Development,NGOs,no
Merrill Lynch,private sector corporations,private
MetaCorp,private sector corporations,private
Methodist Church,Other,no
Mexican Red Cross,red cross,no
Mexico,NDD,no
Micronesia Red Cross,red cross,no
"Micronesia,  Federated States of",NDD,no
Microsoft,private sector corporations,private
Migros,private sector corporations,private
Mine Action Programme for Afghanistan,other,no
Mine Action Programme of Afghanistan,,
Minneapolis Foundation,foundations,private
Minnesota Mining and Manufacturing Company,private sector corporations,private
MIRC Corporate,private sector corporations,private
Misean Cara,NGOs,no
Misereor,private individual organisations,private
Mission Aviation Fellowship,private individual organisations,private
Mission de l'Organisation des Nations Unies pour la Stabilisation en RD Congo,UN multi,no
Mission East,NGOs,
"Mitsui USA, Inc.",private sector corporations,private
Mobilink Foundation,foundations,private
Mohamed Bin Rashid Al Maktoum Humanitarian and Charity Establishment,foundations,private
Moldova,NDD,no
"Molycorp, Inc.",private sector corporations,private
Monaco,NDD,no
MoneyGram International,private sector corporations,private
Mongolia,NDD,no
Monsanto Co.,private sector corporations,private
Montenegro,NDD,no
Monterey Institute of International Studies,academia/think/research,no
Morgan Stanley,private sector corporations,private
Moroccan Red Crescent,red cross,no
Morocco,NDD,no
Mosaic Company,private sector corporations,private
Motorola Foundation,foundations,private
Motorola Solutions Foundation,foundations,private
Mott MacDonald,private sector corporations,private
Movement Centre of Jeju Citizen to Cooperation between South and North,NGOs,no
Movitel,private sector corporations,private
Mozambique,NDD,no
Multi-donor flexible humanitarian contribution (UNICEF Global Humanitarian Thematic),UN Multi,
Multi-Donor Trust Fund for the Sudan,Other pooled,no
Multi-Donor Trust Fund for the Sudan South,Other pooled,no
Multinational Interim Force,UN Multi,no
Multi-Partner Trust Fund,UN multi,no
Mundri Relief and Development Association,NGOs,no
Muntada Aid,NGOs,
Museke Foundation,foundations,private
Muslim Aid,NGOs,no
Muslim Hands France,NGOs,
Muslim Hands International,NGOs,
Myanmar,NDD,no
Myanmar Humanitarian Fund,CBPF,no
NaCSA/World Bank,Other multi,no
Namibia,NDD,no
Namibia Red Cross,red cross,no
National Agricultural Cooperative Federation,NGOs,no
National Anti War Front,other,no
National Bank of Canada,private sector corporations,private
National Basketball Association,private individual organisations,private
National Coalition of NGOs for Inter-Korea Agricultural Development and Cooperation,NGOs,no
National Commission for Lebanese Women,NDD,no
National Council of Churches in Australia,private individual organisations,private
National Council of Saemaul Undong Movement,NGOs,no
"National Fishery Society, Peru",private sector corporations,private
National Football League,private individual organisations,private
National Grid,private sector corporations,private
"National Lottery Community Fund, the UK",DAC governments,no
National Oil Company of Liberia,private sector corporations,private
Nationwide Insurance Foundation,foundations,private
Nauru,NDD,no
Nepal,NDD,no
Nepal ERF,CBPF,no
Nepal Red Cross Society,red cross,no
Nestle,private sector corporations,private
Nestle USA,private sector corporations,private
Netherlands,DAC governments,no
Netherlands Red Cross,red cross,no
Netherlands Refugee Foundation,foundations,private
NetHope,NGOs,no
"NetSol Technologies, Inc",private sector corporations,private
New York Life Insurance Company,private sector corporations,private
New Zealand,DAC governments,no
New Zealand Red Cross,red cross,no
Nextel Peru,private sector corporations,private
NGO Consortium,NGOs,no
NGOs,NGOs,
NGOs (details not yet provided),NGOs,no
Nicaragua,NDD,no
Nicaraguan Red Cross,red cross,no
Niger,NDD,no
"Niger, Regionally-hosted Pooled Fund",Other pooled,no
Nigeria,NDD,no
Nigeria Humanitarian Fund,CBPF,no
Nikon,private sector corporations,private
Nikon Corporation,private sector corporations,private
Nile Hope,NGOs,private
NIRAS,private sector corporations,private
NiSource Charitable Foundation,foundations,private
Nissan Corporation,private sector corporations,private
Nokia,private sector corporations,private
NOMECO,private sector corporations,private
Nomura Group,private sector corporations,private
North Atlantic Treaty Organization,Other multi,no
Northeast Asia Forest Forum,NGOs,no
Northfield Bank Foundation,foundations,private
Northland Foundation,foundations,private
Northrop Grumman Corp,private sector corporations,private
Northwestern Mutual Corp.,private sector corporations,private
Norway,DAC governments,no
Norwegian Aid Committee,private individual organisations,private
Norwegian People's Aid,NGOs,no
Norwegian Red Cross,red cross,no
Norwegian Refugee Council,NGOs,no
Norwegian Research Council,DAC governments,no
Not on our Watch,NGOs,no
Nous Cims,foundations,private
Novartis,private sector corporations,private
NoVo Foundation,foundations,private
Novo Nordisk,private sector corporations,private
Nuestros Pequeños Hermanos,NGOs,no
Nukepills,private sector corporations,private
Oak Foundation,foundations,private
Occidental Petroleum,private sector corporations,private
occupied Palestinian territory Humanitarian Fund,CBPF,no
OCHA NGO Funds,NGOs,no
OCP AFRICA,private sector corporations,private
Office for Intellectual Freedom,academia/think/research,no
Office for the Coordination of Humanitarian Affairs,UN Multi,no
Office of the High Commissioner for Human Rights,UN Multi,no
Office of the Representative of the Dalai Lama,NDD,no
Office of the United Nations Special Coordinator for the Middle East Peace Process,UN Multi,no
Oil for Food Programme,UN Multi,no
Okedongmu Children in Korea,NGOs,no
Oklahoma City Community Foundation,foundations,private
Ole Kirk’s Foundation,foundations,private
Oman,NDD,no
Oman Charitable Organisation,other,no
Omidyar Fund,private individual organisations,private
One Buddhism,NGOs,no
One Korea Buddhist Movement,NGOs,no
One Shekel Campaign in WB,NGOs,no
"One UN Fund, EFW",UN Multi,no
OneBeacon Charitable Trust,other,no
"Onnuri Church, Rep. of Korea",NGOs,no
OPEC Fund for International Development,Other multi,no
Open Society Foundations,foundations,private
Open Society Institute Assistance Foundation,foundations,private
Operation Blessing International,NGOs,no
"Operation Helping Hands, American Samoa",NGOs,no
Operation USA,NGOs,no
Oregon Community Foundation,foundations,private
Organisation Internationale de la Francophonie,NGOs,no
Organisation of the Islamic Conference,Other multi,no
Organization for African Unity,Other multi,no
Organization for Security & Cooperation in Europe,Other multi,no
Organization for Security and Co-operation in Europe,Other multi,
Organization for Social Development Initiatives,NGOs,no
Organization of American States,Other multi,no
Organization of Petroleum Exporting Countries Fund,Other multi,no
Orthodox Church in America,private individual organisations,private
OXFAM,NGOs,no
OXFAM America,NGOs,no
OXFAM Australia,NGOs,no
OXFAM GB,NGOs,no
OXFAM Hong Kong,NGOs,no
Oxfam India,NGOs,no
Oxfam Intermon,NGOs,no
OXFAM International,NGOs,no
OXFAM Ireland,NGOs,no
OXFAM Netherlands (NOVIB),NGOs,no
Oxfam Novib,NGOs,no
OXFAM/Community Aid Abroad (OXFAM-Australia),NGOs,no
PACCAR Inc.,private sector corporations,private
Pacific Islands Forum,Other multi,no
Packard Foundation,foundations,private
Pakistan,NDD,no
Pakistan Humanitarian Fund,CBPF,no
Pakistan Red Crescent Society,red cross,no
Pakistan Telecommunication Company LTD.,private sector corporations,private
Palau,NDD,no
Palau Red Cross Society,red cross,no
Palestine Islamic Bank,private sector corporations,
Palestine Red Crescent Society,red cross,no
Palestine Right to Return Coalition,NGOs,no
"Palestinian territory, occupied",NDD,no
Pan American Development Foundation,foundations,private
Pan American Health and Education Foundation,foundations,private
Panama,NDD,no
Pan-American Health Organization (World Health Organization),UN Multi,no
Panasonic,private sector corporations,private
PandemicTech,private sector corporations,private
Papua New Guinea,NDD,no
Papua New Guinea Red Cross Society,red cross,no
Paraguay,NDD,no
Paraguayan Red Cross,red cross,no
Parthenon Trust,NGOs,no
Partner Aid International e.V.,NGOs,no
Patient's Help Fund,NGOs,no
PATRIP Foundation,foundations,
Patton Boggs LLP,private sector corporations,private
Paul G. Allen,foundations,private
Paul Hastings,private sector corporations,private
Pax Christi e.V,NGOs,no
Peace and Development Organization,NGOs,no
Penny Appeal,NGOs,
Pentair,private sector corporations,private
People in Need,NGOs,no
People’s Postcode Lottery,private sector corporations,private
PepsiCo Foundation,foundations,private
Perry Ellis International,private sector corporations,private
Peru,NDD,no
Peru Rail,private sector corporations,private
Peruvian Private Enterprise Colchones Paraiso,private sector corporations,private
Pew Charitable Trusts,private individual organisations,private
Pfizer,private sector corporations,private
Philadelphia Insurance Companies,private sector corporations,private
Philippine Red Cross,red cross,no
Philippines,NDD,no
Pietrantoni Mendez & Alvarez LLP,private sector corporations,private
Pirelli & C. Societa per Azioni,private sector corporations,private
Plan Haiti,NGOs,no
Plan Indonesia,NGOs,no
Plan International,NGOs,no
Plan Niger,NGOs,no
Plan UK,NGOs,no
Plan USA,NGOs,no
Pluralsight,private sector corporations,
PMU-Interlife,NGOs,no
PokerStars,private sector corporations,private
Poland,DAC governments,no
Polish Red Cross,red cross,no
Pope for Ukraine,foundations,private
Population Services International,NGOs,no
Portugal,DAC governments,no
Portuguese Red Cross,red cross,no
PotashCorp,private sector corporations,private
Practical Action,NGOs,
Practical Action (formerly Intermediate Technology Development Group),NGOs,no
Preemptive Love Coaliton,NGOs,no
Prem Rawat Foundation,foundations,private
Première Urgence (until 2010),NGOs,no
Première Urgence Internationale,NGOs,no
Presbyterian Church of Korea,private individual organisations,private
PriceWaterhouseCoopers,private sector corporations,private
Princess Cruises,private sector corporations,private
"Principal Financial Group Foundation, Inc",private sector corporations,private
Private (individuals & organizations),private individual organisations,private
Private Agencies Collaborating Together,NGOs,no
Procter & Gamble Inc.,private sector corporations,private
Programme Against Malnutrition,NGOs,no
Project Aparajita - VHAI,NGOs,no
Project HOPE,NGOs,no
PTT Public Company Limited,private sector corporations,private
Public Welfare Foundation,foundations,private
Publix,private sector corporations,private
Puerto Rico,NDD,no
Qatar,NDD,no
Qatar Charity,NGOs,no
Qatar Red Crescent Society,red cross,no
Qawafil for Relief and Development,NGOs,private
Queen Silvia Foundation,foundations,private
Queen's University,academia/think/research,no
"QVC, Inc.",private sector corporations,private
Qwest Foundation,foundations,private
Radiohjälpen (Radio Aid Sweden),foundations,private
Rahma International Society,NGOs,no
Rahma Worldwide,NGOs,
Rahma Worldwide (Formerly Rahma Relief Foundation),NGOs,no
Rahmatan Lil Alamin Foundation,NGOs,
RAK Ceramics,private sector corporations,private
Raytheon,private sector corporations,private
RBC,private sector corporations,private
RCO,NGOs,
REACH Initiative,Academia/think/research,no
Reach Out To Asia,NGOs,no
Red Crescent Society of Kyrgyzstan,red cross,no
Red Crescent Society of the Islamic Republic of Iran,red cross,no
Red Crescent Society of the United Arab Emirates,red cross,no
Red Cross of Monaco,red cross,no
Red Cross of Serbia,red cross,no
"Red Cross of The Former Yugoslav Republic of Macedonia, The",red cross,no
Red Cross of Viet Nam,red cross,no
Red Cross Society of Bosnia and Herzegovina,red cross,no
Red Cross Society of China,red cross,no
Relief Experts Association,NGOs,
Relief International,NGOs,no
Repsol Foundation,foundations,private
Republic of Korea National Red Cross,red cross,no
Republic of South Sudan,NDD,no
Reunion,DAC governments,no
Reynolds American Foundation,foundations,private
Richard and Susan Smith Family Foundation,foundations,private
Ripley,private sector corporations,private
Risk and Insurance Management Society,private individual organisations,private
Risshō Kōsei Kai,NGOs,
Rissho Koseikai,private individual organisations,private
RisshŠ KŠsei Kai,,
Rite Aid,private sector corporations,private
RMS Foundation,private sector corporations,private
Robert Wood Johnson Foundation,foundations,private
Rockefeller Foundation,foundations,private
Rockwell Collins,private sector corporations,private
Roddick Foundation,foundations,private
Rogers Communications,private sector corporations,private
ROLEX,private sector corporations,private
Romania,NDD,no
Romanian Red Cross,red cross,no
Ronald McDonald House Charities,NGOs,no
RONCO Consulting Corporation,private sector corporations,private
"Ross Stores, Inc.",private sector corporations,private
Rotary Club of Shanghai,NGOs,no
Rotary International,NGOs,no
Roy A. Hunt Foundation,foundations,private
Royal Bank of Canada,private sector corporations,private
Royal Health Awareness Society,NGOs,
Ruedi Lüthy Foundation,NGOs,no
Rural Initiatives in Sustainability and Empowerment,NGOs,no
Russian Federation,NDD,no
Russian Red Cross Society,red cross,no
Rwanda,NDD,no
Rwandan Red Cross,red cross,no
Safeway Inc,private sector corporations,private
SAFRA Edmond J. Philanthropic Foundation,foundations,private
Saga Falabella,private sector corporations,private
SAH - Schweizerisches Arbeiterhilfswerk,NGOs,no
Saint Lucia,NDD,no
Saint Vincent and the Grenadines,NDD,no
SALAM YA SUGHAR FUND,NGOs,no
Salvadorean Red Cross Society,red cross,no
Salvation Army,NGOs,no
Samaritan Integrated Development Agency,NGOs,
Samaritan's Purse,NGOs,no
Samenwerkende Hulporganisaties,NGOs,private
Samoa,NDD,no
Samoa Red Cross Society,red cross,no
Samsung Group,private sector corporations,private
San Diego Foundation,foundations,private
San Marino,NDD,no
SANOFI,private sector corporations,private
Santa Isabel Market,private sector corporations,private
Saudi Arabia (Kingdom of),NDD,no
Saudi Arabian Red Crescent Society,red cross,no
Saudi Public Campaign for Lebanon and Palestine,other,no
Save the Children,NGOs,no
Scalabrini International Migration Network,NGOs,
Schering-Plough Corporation,private sector corporations,private
Schulte Roth & Zabel LLP,private sector corporations,private
SCOR Group,private sector corporations,private
Scotiabank,private sector corporations,private
Scottish Catholic International Aid Fund,NGOs,no
Seattle Foundation,foundations,private
Secours Catholique - Caritas France,NGOs,no
Secours Catholique – Caritas France,,
Secours Catholique â€“ Caritas France,NGOs,no
Secours Islamique,NGOs,no
Secours Islamique France,NGOs,no
Secours Populaire Francais,NGOs,no
Sempra Energy Foundation,foundations,private
Senegal,NDD,no
SÉNÉO-le service public de l'eau,private sector corporations,private
Seobu Annual Conference of the KMC,other,no
Seplat Petroleum Development Company Plc,private sector corporations,private
Serbia,NDD,no
Serbia and Montenegro,NDD,no
SERVICE plus GMBH,private sector corporations,private
SES World Skies,private sector corporations,private
Seychelles,NDD,no
Seychelles Red Cross Society,red cross,no
Seylan Bank Limited,private sector corporations,private
Shaik Abdallah Nouri Association,NGOs,no
Sheikh Abdullah Al-Nouri Charity Society,NGOs,private
Sheikh Mohammad Shami Foundation,foundations,private
Sheikh Thani Bin Abdullah Foundation for Humanitarian Services,foundations,private
Sheikh Thani bin Abdullah Foundation for Humanitarian Services (RAF),NGOs,no
Shell Nigeria,private sector corporations,private
Shell Oil Company,private sector corporations,private
ShelterBox,NGOs,no
Sheraton Hotel,private sector corporations,private
Shinnyo-en,private individual organisations,private
"Shionogi & Co., Ltd",private sector corporations,private
Shionogi Pharma Inc.,private sector corporations,private
Shipman & Goodwin LLP,private sector corporations,private
Siemens AG,private sector corporations,private
Siemens Water Technologies,private sector corporations,private
Sierra Leone,NDD,no
Sierra Minerals Holdings/Vimetco,private sector corporations,private
Sign of Hope,NGOs,no
Silatech Organization,NGOs,no
Silicon Valley Community Foundation,foundations,private
Singapore,NDD,no
Singapore International Foundation,foundations,private
Singapore Red Cross Society,red cross,no
Skanska,private sector corporations,private
Slovak Red Cross,red cross,no
Slovakia,DAC governments,no
Slovenia,DAC governments,no
Slovenian Red Cross,red cross,no
Société Anglogold Ashanti de Guinée,private sector corporations,private
Society of Wives of Arab Ambassadors and Heads of Missions in Japan,foundations,
Soka Gakkai,NGOs,no
SOLIDAR INGO CONSORTIUM,NGOs,no
Solidaridad Internacional,foundations,private
Solidarités International,NGOs,no
Solidarités International (SI),NGOs,no
Solidarity Response Fund,foundations,no
Somali Diaspora Aid Action Group,Other,private
Somalia,NDD,no
Somalia ERF (until 2012),CBPF,no
Somalia Humanitarian Fund,CBPF,no
Sony,private sector corporations,private
Sony Corporation,private sector corporations,
Sony Online Entertainment,private sector corporations,private
Soros Foundation Open Society Institute,foundations,private
SOS Children's Villages,NGOs,
SOS International,NGOs,no
SOS Kinderdorf,NGOs,no
South Africa,NDD,no
South African Red Cross Society,red cross,no
South American Football Confederation (CONMEBOL),private individual organisations,private
South Pacific Applied Geoscience Commission,Other multi,no
South Sudan ERF (until 2014),CBPF,no
South Sudan Humanitarian Fund,CBPF,no
"South Sudan Multi-Partner Trust Fund for Reconciliation, Stabilization, Resilience",other pooled,no
South32,private sector corporations,private
Southern African Development Community,Other multi,no
Southern Company Charitable Foundations,foundations,private
South-North Sharing Campaign for Peace and Reunification,NGOs,no
Sovereign Military Order of Malta,NGOs,no
Spain,DAC governments,no
Spanish Aced,NGOs,no
Spanish Agency for International Development Cooperation (AECID),DAC governments,no
Spanish Jesuit Missions,NGOs,no
Spanish Red Cross,red cross,no
Special Fund for Emergency and Rehabilitation,other pooled,no
Special Representative of the Secretary-General,UN Multi,no
Specially Designated Contributions (OCHA),UN Multi,no
Sphene International Ltd,private sector corporations,private
Spotlight Initiative,NGOs,no
Sprint Foundation,foundations,private
Sprint Nextel,private sector corporations,private
Sri Lanka,NDD,no
Sri Lanka Red Cross Society,red cross,no
ST. ANDREWS SOCIETY,private individual organisations,private
Stabilization and Recovery Funding Facility in Eastern DRC,Other pooled,no
Standard Chartered Bank,private sector corporations,private
Staples Inc.,private sector corporations,private
Starbucks Foundation,foundations,private
Start Fund,NGOs,no
Start Network,NGOs,
Start Small Foundation,private individual organisations,
State Street Corporation,private sector corporations,private
Stavros Niarchos Foundation,foundations,private
Stichting Cordaid,NGOs,no
Stichting Vluchteling,foundations,private
Stichting War Child,NGOs,no
Stiftung Deutsche Welthungerhilfe,foundations,private
Street Child Organization,NGOs,no
Stromme Foundation,foundations,private
Sudan,NDD,no
Sudan Humanitarian Fund,CBPF,no
Sud-Chemie AG,private sector corporations,private
Sultan Haji Hassanal Bolkiah Foundation,foundations,private
"Summer Infant, Inc.",private sector corporations,private
Sun Life Financial Inc.,private sector corporations,private
Sundry Donors,other,no
"Sunnaas sykehus HF, Forskningsavdelingen",academia/think/research,no
Suriname,NDD,no
Suriname Red Cross,red cross,no
Susan Thompson Buffet Foundation,foundations,private
Swasia Charity Foundation,NGOs,no
Swaziland,NDD,no
Sweden,DAC governments,no
Swedish Cooperative Centre,NGOs,no
Swedish Mission Council,private individual organisations,private
Swedish Red Cross,red cross,no
Sweet Mickey Foundation,foundations,private
Swiss Academy of Development,academia/think/research,no
Swiss Development Cooperation/Swiss Humanitarian Aid,DAC governments,no
Swiss Red Cross,red cross,no
Swiss Solidarity,foundations,private
Switzerland,DAC governments,no
Switzerland National Committee for UNRWA,UN Multi,private
Symantec,private sector corporations,private
Syria Cross-border Humanitarian Fund,CBPF,no
Syria Relief and Development Organization (Sosyal Refah DerneÄŸÄ±),NGOs,no
"Syria Resilience Consortium (CARE, DRC, HI, IRC, NRC & Mercy Corps)",NGOs,no
Syria Trust for Development,NGOs,no
Syrian American Medical Society Foundation,NGOs,no
Syrian Arab Popular Committee,other,no
Syrian Arab Red Crescent,red cross,no
Syrian Arab Republic,NDD,no
Syrian Arab Republic Humanitarian Fund,CBPF,no
Syrian Expatriates Medical Association,NGOs,no
Syrian Humanitarian Institute for National Empowerment,NGOs,no
T. Kuroyanagi,private individual organisations,private
Taiwan International Cooperation and Development Fund,foundations,private
Taiwan Red Cross Society,red cross,no
Tajikistan,NDD,no
Tanzania,NDD,no
Tanzania Red Cross National Society,red cross,no
Target,private sector corporations,private
Target Corporation,private sector corporations,
Tasa Meng,private sector corporations,private
TD Bank,private sector corporations,private
Tear Australia,NGOs,no
Tear Fund,NGOs,
TEAR Fund New Zealand,other,no
TEARFUND,NGOs,no
Tearfund Canada,NGOs,
Tearfund Netherlands,NGOs,
Tearfund New Zealand,NGOs,
"TEC Equipment, Inc.",private sector corporations,private
TechnipFMC,private sector corporations,private
Telecom Sans Frontieres,NGOs,no
Telefood Campaign,UN Multi,no
Telenor Pakistan,private sector corporations,private
Tenet Healthcare Corporation,private sector corporations,private
Terre des Hommes - Germany,NGOs,no
Terre des Hommes - Italy,NGOs,no
Terre des Hommes International,NGOs,no
Tesco,private sector corporations,private
Tethyan Copper Company,private sector corporations,private
Thai Red Cross Society,red cross,no
Thailand,NDD,no
Thani Bin Abdullah Bin Thani Al-Thani Humanitarian Fund,foundations,private
The Achelis & Bodman Foundation,foundations,private
The Achelis Foundation,foundations,private
The Asfari Foundation,foundations,private
The Asia Foundation,foundations,private
The Bodman Foundation,foundations,private
The Center for Disaster Philanthropy,foundations,private
The Church of Jesus Christ of Latter-Day Saints,private individual organisations,private
The Federation of Korean Industries,private sector corporations,private
The Future of Global Health,other,no
The General Assembly of Presbyterian Church in Korea,private individual organisations,private
The Innocent Foundation,foundations,private
The Israel Forum for International Humanitarian Aid,other,no
The Korean Medical Association,NGOs,no
The Kvinna till Kvinna Foundation,foundations,private
The Mission Covenant Church of Sweden,private individual organisations,private
The Movement Center of Jeju Citizen to Help the North Korea,NGOs,no
The Nando and Elsa Peretti Foundation,foundations,private
The Nat'l Council of Saemaul Undong  Movement in Korea,NGOs,no
The Netherlands Red Cross,red cross,private
The Norwegian Agency for Development Cooperation,DAC governments,no
The Pacific Community (former South Pacific Commission),Other multi,no
The Pears Foundation,foundations,private
The Religious Society of Friends (Quakers),Other,private
The Resource Foundation,foundations,private
The Sigrid Rausing Trust,foundations,private
The St. Augustine Foundation,foundations,
The United Nations Secretary-General's Peacebuilding Fund,Other pooled,no
Three Millennium Development Goal Fund (3MDG),UN Multi,no
Thrivent Financial for Lutherans,private individual organisations,private
Tides Foundation,foundations,private
Timor Leste,NDD,no
TJX Companies,private sector corporations,private
TNT,private sector corporations,private
Togo,NDD,no
Tonga,NDD,no
Tony Elumelu Foundation,foundations,private
Toro Company,private sector corporations,private
Toshiba Group,private sector corporations,private
TOTAL,other,no
Total Foundation,foundations,private
Toyota Motor Corporation,private sector corporations,private
Toys R Us,private sector corporations,private
"Travian Games, Germany",private sector corporations,private
Treatment and Rehabilitation Center for Victims of Torture,NGOs,no
Triangle Génération Humanitaire,NGOs,no
Trinidad and Tobago,NDD,no
Trinidad and Tobago Red Cross Society,red cross,no
Trocaire,NGOs,no
Trocaire | Catholic Agency for Overseas Development,NGOs,no
Trust & Legacies,private individual organisations,private
Trust Fund for Human Security,UN Multi,no
Tunisia,NDD,no
Tunisian Red Crescent,red cross,no
Turkey,NDD,no
Turkish Red Crescent Society,red cross,no
Turkmenistan,NDD,no
Turks and Caicos Islands,NDD,no
Tuvalu,NDD,no
Tzu Chi Foundation,foundations,private
UBS,private sector corporations,private
UEFA Foundation for Children,foundations,
Uganda,NDD,no
Uganda ERF (until 2010),CBPF,no
Uganda Red Cross Society,red cross,no
UK for UNHCR,NGOs,no
UK Jesuit Missions,NGOs,no
Ukraine,NDD,no
Ukraine Humanitarian Fund,CBPF,no
Ukrainian Red Cross Society,red cross,no
UN Action Against Sexual Violence in Conflict,UN Multi,no
UN Agencies,UN multi,no
UN agencies and NGOs (details not yet provided),other,
UN Assistance Programme to Afghanistan,UN Multi,no
UN Central Fund for Influenza Action,UN Multi,no
UN COVID-19 Response and Recovery Fund,Other pooled,no
UN Delivering AS ONE,UN Multi,no
UN Department of Economic and Social Affairs,UN Multi,no
UN Economic Commission for Latin America,UN Multi,no
UN Foundation,foundations,private
UN Human Security Trust Fund,UN Multi,no
UN Multi-Partner Trust Fund,UN Multi,no
UN Multi-Partner Trust Fund for Sustaining Peace in Colombia,UN Multi,no
UN Peacebuilding Fund,UN Multi,no
UN Programme on HIV/AIDS,UN Multi,no
UN Resident Coordinator's Office,UN Multi,no
UN Spouses Bazaar,UN Multi,no
UN Stabilization and Recovery - DRC,UN Multi,no
UN TF for Int'l Coop&Dev,Other pooled,no
UN Trust Fund,UN Multi,no
UN Voluntary Trust Fund for Technical Cooperation,UN Multi,no
UN Women,UN Multi,no
UN Women's Guild,UN Multi,no
Underwriters Laboratories,private sector corporations,private
UNDG Iraq Trust Fund,UN Multi,no
UNDG/EXECCOMM Secretariat,UN Multi,no
UNDP Administered Trust Fund,UN Multi,no
UNICEF Brazil,UN Multi,no
UNICEF Croatia,UN multi,no
UNICEF National Committee/Andorra,UN Multi,private
UNICEF National Committee/Australia,UN Multi,private
UNICEF National Committee/Austria,UN Multi,private
UNICEF National Committee/Belgium,UN Multi,private
UNICEF National Committee/Canada,UN Multi,private
UNICEF National Committee/Chile,UN Multi,no
UNICEF National Committee/Czech Republic,UN Multi,private
UNICEF National Committee/Denmark,UN Multi,private
UNICEF National Committee/Estonia,UN Multi,private
UNICEF National Committee/Finland,UN Multi,private
UNICEF National Committee/France,UN Multi,private
UNICEF National Committee/Germany,UN Multi,private
UNICEF National Committee/Hellenic,UN Multi,private
UNICEF National Committee/Hong Kong,UN Multi,private
UNICEF National Committee/Hungary,UN Multi,private
UNICEF National Committee/Iceland,UN Multi,private
UNICEF National Committee/Indonesia,UN Multi,no
UNICEF National Committee/Ireland,UN Multi,private
UNICEF National Committee/Israel,UN Multi,no
UNICEF National Committee/Italy,UN Multi,private
UNICEF National Committee/Japan,UN Multi,private
UNICEF National Committee/Korea (Republic of),UN Multi,private
UNICEF National Committee/Latvia,UN Multi,private
UNICEF National Committee/Lithuania,UN Multi,private
UNICEF National Committee/Luxembourg,UN Multi,private
UNICEF National Committee/Malaysia,UN Multi,no
UNICEF National Committee/Mexico,UN Multi,no
UNICEF National Committee/Netherlands,UN Multi,private
UNICEF National Committee/New Zealand,UN Multi,private
UNICEF National Committee/Norway,UN Multi,private
UNICEF National Committee/Oman,UN Multi,private
UNICEF National Committee/Poland,UN Multi,private
UNICEF National Committee/Portugal,UN Multi,private
UNICEF National Committee/San Marino,UN Multi,no
UNICEF National Committee/Saudi Arabia,UN Multi,private
UNICEF National Committee/Slovakia,UN Multi,private
UNICEF National Committee/Slovenia,UN Multi,private
UNICEF National Committee/Spain,UN Multi,private
UNICEF National Committee/Sweden,UN Multi,private
UNICEF National Committee/Switzerland,UN Multi,private
UNICEF National Committee/Turkey,UN Multi,private
UNICEF National Committee/United Arab Emirates,,private
UNICEF National Committee/United Kingdom,UN Multi,private
UNICEF National Committee/Uruguay,UN Multi,private
UNICEF National Committees,UN Multi,private
Unilever,private sector corporations,private
Union des Organisations de Secours et Soins Médicaux  France,NGOs,
Union des Organisations Syrienne de Secours Médicaux,NGOs,no
Union of Relief Organizations - Lebanon,NGOs,no
Union of Relief Organizations – Lebanon,,
Union of Relief Organizations â€“ Lebanon,NGOs,no
Uniqlo,private sector corporations,private
Unitaid,foundations,no
United Arab Emirates,NDD,no
United Islamic Center,academia/think/research,no
United Kingdom,DAC governments,no
United Methodist Church,private individual organisations,private
United Nations,UN Multi,no
UNITED NATIONS - AFRICAN UNION HYBRID OPERATION IN DARFUR,UN Multi,no
United Nations Advance Mission in Sudan,UN Multi,no
United Nations assessed contributions,UN Multi,no
United Nations Assistance Mission in Iraq,UN Multi,no
United Nations Association in Canada,UN Multi,no
United Nations Capital Development Fund,UN multi,no
United Nations Children's Fund,UN Multi,no
United Nations Children's Fund | Food & Agriculture Organization of the United Nations,UN Multi,
United Nations Department of  Operational Support,UN Multi,
United Nations Department of Peace-Keeping Operations,UN Multi,no
United Nations Department of Safety and Security,UN Multi,no
United Nations Development Group Office,UN Multi,no
United Nations Development Programme,UN Multi,no
United Nations Disaster Management Team,UN Multi,no
United Nations Disengagement Observer Force,UN Multi,no
United Nations Economic and Social Commission for Asia and the Pacific,UN Multi,no
"United Nations Educational, Scientific and Cultural Organization",UN Multi,no
United Nations Environment Programme,UN Multi,no
United Nations Foundation,UN Multi,no
United Nations Fund for International Partnerships,UN Multi,no
United Nations High Commissioner for Refugees,UN Multi,no
United Nations Human Settlements Programme (UN-HABITAT),UN Multi,no
United Nations Humanitarian Air Service,UN Multi,no
United Nations Industrial Development Organization,UN Multi,no
United Nations Integrated Transitional Assistance Mission in Sudan,UN Multi,
United Nations Interim Force in Lebanon,UN Multi,no
United Nations Joint Logistics Centre,UN Multi,no
United Nations Joint Programme on HIV/AIDS,UN Multi,no
United Nations Mine Action Service,UN Multi,no
United Nations Mission in Ethiopia and Eritrea,UN Multi,no
United Nations Mission in Kosovo,UN Multi,no
United Nations Mission in South Sudan,UN Multi,no
"United Nations Mission in the DRC (Mission d'Observation des Nations Unies au Congo, MONUC)",UN Multi,no
United Nations Mission in Timor-Leste,UN Multi,no
United Nations Mission of Support in East Timor,UN Multi,no
United Nations Multidimensional Integrated Stabilization Mission in the Central African Republic,UN Multi,no
United Nations Office for Project Services,UN Multi,no
United Nations Office for Project Services | United Nations Mine Action Service,UN Multi,no
United Nations Office on Drugs and Crime,UN Multi,no
United Nations Peacekeeping Force in Cyprus,UN Multi,no
United Nations Population Fund,UN Multi,no
United Nations Relief and Works Agency for Palestine Refugees in the Near East,UN Multi,no
United Nations Transitional Authority in East Timor,UN Multi,no
United Nations Trust Fund for Human Security,Other pooled,no
United Nations Voluntary Fund for Victims of Torture,UN multi,no
United Nations Voluntary Trust Fund on Mine Action,UN Multi,no
United Nations Volunteers Programme,UN Multi,no
United States Agency for International Development,DAC governments,no
United States Department of Defense,DAC governments,no
United States of America,DAC governments,no
United Technologies Corporation,private sector corporations,private
United Way International,NGOs,no
UnitedHealth,private sector corporations,private
Univision,private sector corporations,private
UNO-Flüchtlingshilfe e.V.,UN Multi,private
UNRWA Spanish Committee,UN Multi,no
UPS Foundation,foundations,private
Uruguay,NDD,no
Uruguayan Red Cross,red cross,no
US Airways,private sector corporations,private
US Bancorp,private sector corporations,private
US Fund for UNICEF,NGOs,private
USA for UNHCR,NGOs,private
USA Friends of WFP,NGOs,private
USA Friends Private,NGOs,no
US-China Business Council,private sector corporations,private
Uzbekistan,NDD,no
Valero Energy/Ultramar,private sector corporations,private
Vanuatu Red Cross Society,red cross,no
Vårt land,private sector corporations,private
Venable LLP,private sector corporations,private
Venezuela,NDD,no
Venezuela Humanitarian Fund,CBPF,
Venezuelan Red Cross,red cross,no
Verizon Foundation,foundations,private
VICINI and the INICIA Foundation,foundations,private
Viet Nam,NDD,no
Violet Organization,NGOs,no
Virgin Unite,foundations,private
Visa,private sector corporations,private
Vital Strategies,NGOs,no
VITOL,private sector corporations,private
Vodafone Group Foundation,foundations,private
"Voice for Peace, Protection and Development",NGOs,no
Voluntary Service Overseas,NGOs,no
VOLVO,private sector corporations,private
W.K. Kellogg Foundation,foundations,private
Waatasemu Charity Association,other,no
Wakefern Food Corp. (ShopRite and PriceRite stores,private sector corporations,private
Walgreens,private sector corporations,private
Wal-Mart,private sector corporations,private
Walmart Foundation,foundations,private
Walt Disney Corporation,private sector corporations,private
Waqf Alghanem and Othman mosques,private individual organisations,private
War Child,NGOs,no
War Child Canada,NGOs,no
War Child Holland,NGOs,no
Watan Khayr Charity Foundation,NGOs,no
Water Missions International,NGOs,no
Wawa Inc.,private sector corporations,private
We Effect,NGOs,no
WEFA HUMANITARIAN RELIEF ORGANIZATION,other,no
Wegman Family Charitable Foundation,foundations,private
"Weil, Gotshal & Manges LLP",private sector corporations,private
Welfare Association,NGOs,no
WELLCOME TRUST,foundations,private
Wells Fargo & CO,private sector corporations,private
Wellspring International,foundations,private
Western Union Foundation,foundations,private
Weyerhaeuser,private sector corporations,private
WFP Administered Trust Fund,UN Multi,no
WFP Immediate Response Account,UN Multi,no
WHAM Foundation,NGOs,no
William and Flora Hewlett Foundation,foundations,private
William Gallagher Associates,private individual organisations,private
WilmerHale,private sector corporations,private
Windle Trust International | Mott MacDonald | United Kingdom,Other,
Windy International Youth Foundation,NGOs,no
Winn-Dixie Foundation,foundations,private
Winston & Strawn LLP,private sector corporations,private
Women Vision,NGOs,no
Women's Refugee Commission,NGOs,no
World Animal Protection,NGOs,private
World Assembly of Muslim Youth,private individual organisations,private
World Bank,Other multi,no
World Church Relief Service,NGOs,no
World Conference on Religions for Peace,other,no
World Food Programme,UN Multi,no
World Health Organization,UN Multi,no
World Jewish Relief,NGOs,no
World Meteorological Organization,UN Multi,no
World Mission Society Church of God,private individual organisations,private
World Poultry Foundation,NGOs,private
World Relief,NGOs,no
World Vision Australia,NGOs,no
World Vision Canada,NGOs,no
World Vision France,NGOs,
World Vision Hong Kong,NGOs,no
World Vision International,NGOs,no
World Vision Korea,NGOs,no
World Vision New Zealand,NGOs,no
World Vision Pakistan,NGOs,no
World Vision Somalia,NGOs,no
World Vision Sri Lanka,NGOs,no
World Vision Sudan,NGOs,no
World Vision Support Offices,NGOs,no
World Vision Taiwan,NGOs,no
World Vision UK,NGOs,no
World Vision USA,NGOs,no
World Wildlife Fund,NGOs,no
WPD,NGOs,no
Xcel Energy Foundation,foundations,private
Xstrata AG,private sector corporations,private
Yemen,NDD,no
Yemen Humanitarian Fund,CBPF,no
Zambia,NDD,no
Zambia Red Cross Society,red cross,no
Zanfha Initiative,private individual organisations,private
ZAYED Foundation,foundations,private
Zimbabwe,NDD,no
Zimbabwe CHF,CBPF,no
Zimbabwe ERF (until 2014),CBPF,no
Zimbabwe Red Cross,red cross,no
ZOA,NGOs,no
